Time (ms),Value,AccX,AccY,AccZ,gX,gY,gZ,Pitch,Roll
2,103,0.22,0.49,-0.91,2.16,4.81,-8.96,0.55,-0.24
20,98,0.23,0.49,-0.91,2.22,4.78,-8.91,1.04,-0.51
37,-87,0.25,0.48,-0.92,2.41,4.71,-9.03,1.51,-0.83
55,-57,0.25,0.49,-0.92,2.41,4.79,-9.02,1.98,-1.17
73,8,0.24,0.49,-0.92,2.33,4.78,-8.99,2.44,-1.48
91,-17,0.23,0.47,-0.90,2.25,4.64,-8.87,2.90,-1.76
108,-3,0.23,0.46,-0.90,2.24,4.47,-8.86,3.37,-2.00
126,-21,0.22,0.47,-0.91,2.16,4.60,-8.90,3.87,-2.21
144,-29,0.21,0.49,-0.93,2.04,4.78,-9.09,4.33,-2.42
162,-18,0.21,0.50,-0.93,2.01,4.90,-9.16,4.75,-2.64
180,-19,0.21,0.50,-0.92,2.04,4.94,-9.00,5.15,-2.89
198,-3,0.22,0.49,-0.91,2.18,4.84,-8.88,5.55,-3.15
216,7,0.23,0.49,-0.89,2.23,4.84,-8.74,5.98,-3.45
233,3,0.24,0.50,-0.90,2.33,4.92,-8.82,6.43,-3.76
251,19,0.23,0.51,-0.91,2.21,4.95,-8.89,6.84,-4.05
269,27,0.21,0.50,-0.92,2.11,4.94,-9.04,7.22,-4.33
287,17,0.22,0.51,-0.92,2.11,4.99,-9.02,7.56,-4.61
305,-1,0.22,0.51,-0.90,2.14,4.98,-8.83,7.91,-4.85
322,-18,0.21,0.50,-0.88,2.07,4.87,-8.66,8.28,-5.03
340,-11,0.20,0.50,-0.88,1.99,4.88,-8.63,8.70,-5.19
358,1,0.19,0.50,-0.90,1.85,4.93,-8.84,9.13,-5.34
376,-11,0.18,0.52,-0.92,1.77,5.05,-8.97,9.53,-5.48
394,-21,0.19,0.51,-0.93,1.83,5.04,-9.09,9.87,-5.64
412,4,0.20,0.51,-0.91,1.98,5.01,-8.92,10.20,-5.81
430,19,0.21,0.50,-0.90,2.09,4.92,-8.81,10.55,-5.98
448,8,0.21,0.50,-0.90,2.04,4.91,-8.81,10.90,-6.19
465,10,0.21,0.51,-0.91,2.06,5.02,-8.90,11.24,-6.44
483,2,0.21,0.52,-0.92,2.09,5.05,-8.98,11.54,-6.72
501,1,0.23,0.51,-0.91,2.25,4.98,-8.94,11.80,-7.03
519,9,0.24,0.51,-0.91,2.38,4.99,-8.96,12.05,-7.33
537,-1,0.24,0.51,-0.90,2.34,5.04,-8.86,12.32,-7.61
555,-14,0.23,0.51,-0.89,2.28,4.97,-8.73,12.64,-7.88
573,-9,0.22,0.51,-0.90,2.16,5.01,-8.82,12.99,-8.15
590,7,0.22,0.53,-0.91,2.18,5.20,-8.89,13.36,-8.42
609,2,0.22,0.54,-0.91,2.14,5.28,-8.96,13.71,-8.65
626,-19,0.22,0.53,-0.91,2.15,5.21,-8.95,14.01,-8.83
645,-8,0.21,0.52,-0.90,2.04,5.05,-8.85,14.29,-8.98
662,11,0.19,0.52,-0.90,1.90,5.11,-8.82,14.58,-9.11
680,9,0.18,0.53,-0.90,1.78,5.20,-8.80,14.89,-9.23
698,-1,0.19,0.54,-0.90,1.82,5.29,-8.83,15.19,-9.39
716,-6,0.19,0.55,-0.91,1.90,5.35,-8.91,15.46,-9.58
734,14,0.21,0.55,-0.92,2.07,5.35,-9.06,15.70,-9.76
752,12,0.22,0.55,-0.92,2.11,5.35,-9.05,15.87,-9.92
770,-2,0.19,0.54,-0.92,1.91,5.24,-9.05,16.03,-10.03
788,-3,0.20,0.53,-0.90,1.91,5.20,-8.85,16.20,-10.18
805,0,0.21,0.53,-0.90,2.06,5.19,-8.82,16.40,-10.35
824,0,0.23,0.54,-0.91,2.25,5.25,-8.88,16.61,-10.56
841,-9,0.23,0.55,-0.91,2.30,5.36,-8.92,16.84,-10.70
860,-16,0.24,0.54,-0.92,2.40,5.34,-9.02,17.08,-10.79
877,-9,0.23,0.54,-0.92,2.25,5.34,-9.06,17.32,-10.81
896,6,0.21,0.53,-0.92,2.08,5.20,-8.99,17.54,-10.80
913,11,0.19,0.52,-0.90,1.82,5.12,-8.81,17.77,-10.78
931,7,0.17,0.52,-0.90,1.66,5.09,-8.80,18.03,-10.79
950,-6,0.16,0.53,-0.90,1.56,5.23,-8.85,18.32,-10.84
967,0,0.15,0.54,-0.90,1.43,5.26,-8.87,18.60,-10.87
986,21,0.16,0.54,-0.92,1.52,5.32,-9.05,18.87,-10.92
1003,2,0.17,0.54,-0.92,1.69,5.28,-9.06,19.10,-10.94
1021,-9,0.19,0.53,-0.92,1.84,5.17,-9.01,19.30,-10.94
1039,-1,0.19,0.53,-0.91,1.85,5.23,-8.90,19.53,-10.91
1057,-2,0.18,0.54,-0.91,1.80,5.34,-8.94,19.80,-10.88
1076,-8,0.19,0.56,-0.92,1.85,5.47,-9.04,20.09,-10.89
1093,-14,0.20,0.56,-0.91,1.96,5.53,-8.95,20.37,-10.92
1112,0,0.21,0.56,-0.91,2.06,5.47,-8.95,20.65,-10.97
1130,10,0.21,0.54,-0.89,2.03,5.31,-8.71,20.92,-11.00
1147,1,0.21,0.53,-0.87,2.01,5.19,-8.53,21.21,-11.02
1166,1,0.19,0.53,-0.87,1.85,5.18,-8.52,21.50,-11.02
1183,21,0.18,0.52,-0.87,1.76,5.08,-8.49,21.75,-11.03
1202,9,0.16,0.53,-0.86,1.54,5.15,-8.45,22.01,-11.05
1220,-15,0.15,0.53,-0.87,1.46,5.18,-8.49,22.24,-11.07
1238,-6,0.15,0.53,-0.87,1.43,5.24,-8.55,22.46,-11.10
1256,2,0.15,0.54,-0.88,1.47,5.29,-8.67,22.63,-11.14
1274,-4,0.15,0.55,-0.89,1.50,5.40,-8.74,22.78,-11.16
1292,-11,0.16,0.56,-0.89,1.53,5.45,-8.74,22.90,-11.16
1310,-5,0.16,0.55,-0.89,1.59,5.43,-8.76,23.01,-11.16
1329,4,0.15,0.55,-0.89,1.51,5.38,-8.70,23.11,-11.18
1346,4,0.15,0.55,-0.91,1.50,5.34,-8.90,23.19,-11.21
1364,0,0.14,0.55,-0.91,1.40,5.43,-8.92,23.27,-11.30
1382,6,0.16,0.55,-0.91,1.53,5.39,-8.89,23.38,-11.44
1400,14,0.17,0.53,-0.91,1.67,5.19,-8.88,23.52,-11.61
1419,6,0.18,0.54,-0.91,1.78,5.28,-8.89,23.72,-11.79
1436,-9,0.19,0.54,-0.91,1.83,5.27,-8.96,23.91,-11.89
1455,-2,0.18,0.54,-0.92,1.80,5.32,-8.98,24.07,-11.90
1473,6,0.17,0.55,-0.92,1.64,5.39,-8.98,24.19,-11.87
1490,-18,0.16,0.54,-0.91,1.54,5.27,-8.95,24.29,-11.84
1509,-14,0.15,0.53,-0.92,1.46,5.19,-8.98,24.40,-11.88
1527,5,0.16,0.53,-0.91,1.56,5.21,-8.96,24.54,-11.95
1545,8,0.16,0.53,-0.92,1.61,5.22,-9.00,24.70,-12.02
1563,3,0.18,0.54,-0.91,1.79,5.26,-8.92,24.85,-12.10
1581,-2,0.18,0.54,-0.91,1.78,5.27,-8.93,25.00,-12.13
1599,4,0.17,0.54,-0.90,1.70,5.34,-8.83,25.16,-12.12
1617,14,0.17,0.55,-0.90,1.62,5.36,-8.84,25.33,-12.11
1635,4,0.16,0.55,-0.90,1.57,5.36,-8.82,25.50,-12.12
1653,-10,0.16,0.55,-0.90,1.57,5.37,-8.78,25.66,-12.15
1672,-2,0.17,0.55,-0.89,1.63,5.44,-8.72,25.83,-12.19
1689,4,0.16,0.55,-0.89,1.57,5.36,-8.77,25.98,-12.22
1708,-10,0.14,0.55,-0.89,1.41,5.44,-8.73,26.14,-12.28
1726,-19,0.14,0.55,-0.90,1.35,5.39,-8.79,26.28,-12.36
1743,-4,0.16,0.54,-0.89,1.61,5.33,-8.69,26.40,-12.44
1762,17,0.17,0.55,-0.90,1.64,5.35,-8.82,26.52,-12.45
1780,3,0.16,0.56,-0.89,1.59,5.45,-8.75,26.62,-12.40
1798,-5,0.13,0.56,-0.89,1.27,5.44,-8.75,26.71,-12.29
1816,19,0.12,0.55,-0.90,1.19,5.37,-8.78,26.81,-12.25
1833,16,0.13,0.55,-0.90,1.30,5.43,-8.84,26.89,-12.27
1852,-8,0.16,0.56,-0.91,1.53,5.52,-8.92,26.96,-12.34
1870,-11,0.17,0.56,-0.91,1.63,5.49,-8.88,27.00,-12.37
1888,2,0.16,0.55,-0.91,1.61,5.36,-8.92,27.05,-12.34
1906,0,0.15,0.55,-0.91,1.44,5.39,-8.91,27.13,-12.28
1925,-14,0.16,0.56,-0.91,1.52,5.44,-8.93,27.23,-12.23
1942,-11,0.16,0.56,-0.91,1.55,5.50,-8.88,27.33,-12.18
1960,5,0.16,0.56,-0.90,1.58,5.49,-8.80,27.43,-12.13
1979,6,0.16,0.57,-0.90,1.58,5.58,-8.84,27.53,-12.09
1996,0,0.16,0.57,-0.91,1.52,5.62,-8.88,27.63,-12.05
2015,10,0.15,0.57,-0.89,1.48,5.58,-8.75,27.75,-12.00
2033,12,0.14,0.55,-0.88,1.37,5.39,-8.64,27.88,-11.97
2051,0,0.14,0.56,-0.87,1.42,5.53,-8.55,28.03,-12.00
2069,-12,0.13,0.57,-0.87,1.28,5.58,-8.54,28.16,-12.12
2086,-1,0.13,0.58,-0.88,1.26,5.70,-8.62,28.27,-12.32
2105,4,0.14,0.58,-0.89,1.35,5.69,-8.74,28.37,-12.60
2123,-13,0.15,0.57,-0.89,1.43,5.56,-8.74,28.45,-12.83
2141,-15,0.13,0.55,-0.88,1.31,5.35,-8.67,28.52,-12.98
2159,1,0.12,0.54,-0.89,1.14,5.34,-8.70,28.60,-13.08
2178,7,0.12,0.55,-0.89,1.21,5.39,-8.74,28.67,-13.11
2195,0,0.12,0.55,-0.89,1.21,5.40,-8.76,28.71,-13.01
2213,7,0.12,0.56,-0.90,1.22,5.49,-8.77,28.76,-12.84
2231,12,0.12,0.56,-0.91,1.13,5.53,-8.87,28.81,-12.62
2249,9,0.12,0.57,-0.90,1.15,5.57,-8.86,28.87,-12.41
2268,-3,0.12,0.56,-0.91,1.13,5.52,-8.89,28.91,-12.24
2285,-18,0.11,0.57,-0.91,1.12,5.60,-8.87,28.98,-12.14
2304,0,0.12,0.56,-0.91,1.21,5.44,-8.87,29.04,-12.09
2322,16,0.12,0.55,-0.90,1.23,5.36,-8.86,29.11,-12.04
2339,-14,0.14,0.56,-0.90,1.38,5.48,-8.85,29.20,-11.98
2358,-25,0.14,0.56,-0.90,1.34,5.49,-8.85,29.28,-11.86
2376,6,0.14,0.56,-0.90,1.32,5.51,-8.81,29.34,-11.73
2394,10,0.14,0.56,-0.90,1.34,5.51,-8.83,29.39,-11.60
2412,-6,0.13,0.56,-0.90,1.24,5.50,-8.80,29.45,-11.53
2430,9,0.13,0.55,-0.90,1.25,5.43,-8.83,29.51,-11.52
2448,18,0.14,0.56,-0.90,1.37,5.45,-8.83,29.59,-11.53
2466,4,0.15,0.55,-0.90,1.47,5.37,-8.82,29.65,-11.51
2484,-2,0.15,0.56,-0.89,1.49,5.50,-8.75,29.72,-11.45
2502,-6,0.14,0.56,-0.90,1.36,5.49,-8.79,29.78,-11.33
2521,0,0.12,0.57,-0.90,1.14,5.56,-8.81,29.85,-11.24
2538,-6,0.12,0.57,-0.89,1.14,5.63,-8.76,29.95,-11.21
2556,-17,0.13,0.57,-0.90,1.31,5.57,-8.79,30.06,-11.21
2575,-4,0.15,0.57,-0.90,1.46,5.57,-8.79,30.16,-11.20
2592,12,0.14,0.57,-0.89,1.40,5.55,-8.74,30.23,-11.12
2611,3,0.13,0.56,-0.89,1.23,5.46,-8.74,30.29,-11.00
2629,-1,0.12,0.56,-0.88,1.17,5.51,-8.62,30.37,-10.91
2647,11,0.11,0.55,-0.88,1.08,5.44,-8.64,30.45,-10.85
2665,9,0.12,0.56,-0.88,1.17,5.52,-8.64,30.55,-10.83
2682,1,0.12,0.56,-0.89,1.17,5.48,-8.68,30.65,-10.82
2701,-7,0.12,0.57,-0.88,1.18,5.56,-8.66,30.75,-10.81
2719,-2,0.11,0.57,-0.88,1.10,5.62,-8.67,30.82,-10.75
2737,0,0.11,0.57,-0.88,1.11,5.57,-8.62,30.87,-10.68
2755,-9,0.11,0.57,-0.88,1.06,5.57,-8.61,30.93,-10.63
2774,-8,0.11,0.57,-0.88,1.10,5.58,-8.63,30.99,-10.64
2791,-4,0.12,0.56,-0.89,1.22,5.53,-8.75,31.04,-10.64
2809,6,0.14,0.57,-0.89,1.34,5.60,-8.76,31.09,-10.63
2827,9,0.14,0.57,-0.89,1.33,5.63,-8.75,31.11,-10.59
2845,-1,0.12,0.57,-0.89,1.15,5.59,-8.73,31.13,-10.53
2864,7,0.11,0.57,-0.89,1.05,5.56,-8.74,31.16,-10.51
2881,9,0.12,0.56,-0.90,1.21,5.47,-8.78,31.19,-10.52
2899,-5,0.14,0.56,-0.88,1.41,5.53,-8.67,31.25,-10.55
2917,1,0.14,0.58,-0.89,1.38,5.67,-8.77,31.31,-10.54
2935,-2,0.13,0.58,-0.90,1.27,5.66,-8.79,31.34,-10.51
2954,-11,0.12,0.57,-0.89,1.21,5.63,-8.72,31.36,-10.47
2971,-2,0.13,0.57,-0.90,1.23,5.60,-8.79,31.37,-10.43
2990,-7,0.13,0.56,-0.90,1.28,5.51,-8.77,31.37,-10.43
3008,-5,0.12,0.56,-0.89,1.16,5.48,-8.70,31.40,-10.44
3025,4,0.14,0.56,-0.90,1.33,5.53,-8.79,31.42,-10.47
3044,8,0.14,0.57,-0.89,1.35,5.63,-8.76,31.45,-10.48
3062,7,0.13,0.57,-0.90,1.28,5.58,-8.82,31.47,-10.46
3080,9,0.11,0.57,-0.91,1.12,5.54,-8.89,31.49,-10.43
3098,7,0.11,0.57,-0.90,1.10,5.60,-8.79,31.54,-10.41
3116,-7,0.11,0.57,-0.90,1.07,5.62,-8.78,31.62,-10.37
3134,-7,0.11,0.58,-0.90,1.12,5.68,-8.83,31.69,-10.34
3152,3,0.11,0.58,-0.90,1.07,5.68,-8.80,31.75,-10.30
3170,0,0.11,0.58,-0.90,1.09,5.66,-8.78,31.79,-10.25
3188,-14,0.11,0.58,-0.89,1.04,5.64,-8.73,31.82,-10.22
3206,-13,0.11,0.57,-0.89,1.10,5.58,-8.75,31.85,-10.19
3224,5,0.11,0.57,-0.89,1.09,5.59,-8.71,31.89,-10.18
3243,3,0.12,0.57,-0.89,1.14,5.59,-8.75,31.93,-10.18
3260,-2,0.12,0.58,-0.90,1.18,5.65,-8.83,31.98,-10.17
3278,8,0.13,0.57,-0.89,1.25,5.61,-8.72,32.03,-10.15
3296,17,0.12,0.57,-0.89,1.18,5.58,-8.74,32.08,-10.10
3314,10,0.11,0.57,-0.89,1.11,5.61,-8.69,32.13,-10.07
3333,-11,0.11,0.58,-0.90,1.06,5.64,-8.79,32.18,-10.06
3350,-11,0.12,0.57,-0.90,1.13,5.62,-8.80,32.22,-10.06
3368,7,0.12,0.57,-0.90,1.22,5.57,-8.77,32.25,-10.05
3387,-5,0.13,0.56,-0.89,1.26,5.53,-8.75,32.28,-10.02
3404,-22,0.11,0.57,-0.89,1.11,5.57,-8.70,32.33,-9.96
3423,-6,0.10,0.56,-0.89,0.99,5.53,-8.75,32.37,-9.90
3441,13,0.11,0.57,-0.89,1.09,5.58,-8.71,32.41,-9.87
3459,5,0.11,0.58,-0.88,1.09,5.64,-8.59,32.47,-9.83
3477,-3,0.11,0.58,-0.88,1.06,5.70,-8.62,32.53,-9.79
3494,10,0.11,0.58,-0.88,1.05,5.67,-8.63,32.58,-9.75
3513,19,0.11,0.58,-0.89,1.10,5.68,-8.68,32.61,-9.74
3530,4,0.12,0.58,-0.88,1.14,5.67,-8.61,32.62,-9.74
3549,-13,0.12,0.57,-0.88,1.20,5.56,-8.64,32.62,-9.73
3567,-5,0.12,0.57,-0.89,1.20,5.59,-8.68,32.63,-9.69
3585,6,0.12,0.58,-0.89,1.20,5.64,-8.71,32.64,-9.64
3603,-3,0.11,0.58,-0.89,1.10,5.69,-8.69,32.66,-9.57
3620,-13,0.10,0.58,-0.89,0.99,5.73,-8.73,32.68,-9.52
3639,-16,0.11,0.59,-0.88,1.05,5.78,-8.67,32.70,-9.54
3656,0,0.12,0.59,-0.88,1.23,5.75,-8.66,32.72,-9.58
3675,12,0.15,0.59,-0.88,1.48,5.80,-8.66,32.72,-9.64
3693,0,0.15,0.58,-0.87,1.51,5.71,-8.56,32.73,-9.65
3710,1,0.15,0.57,-0.87,1.46,5.62,-8.55,32.72,-9.64
3729,18,0.14,0.58,-0.88,1.41,5.69,-8.58,32.73,-9.60
3746,10,0.12,0.59,-0.89,1.22,5.80,-8.67,32.71,-9.54
3765,-5,0.12,0.60,-0.89,1.19,5.84,-8.71,32.66,-9.51
3782,-6,0.11,0.60,-0.90,1.11,5.88,-8.80,32.60,-9.47
3801,0,0.10,0.58,-0.91,0.97,5.72,-8.87,32.55,-9.42
3818,-3,0.10,0.57,-0.90,0.93,5.63,-8.85,32.52,-9.40
3836,-9,0.09,0.57,-0.90,0.92,5.60,-8.87,32.51,-9.37
3854,-12,0.11,0.56,-0.91,1.04,5.52,-8.89,32.48,-9.33
3872,-6,0.10,0.56,-0.91,1.02,5.49,-8.95,32.42,-9.23
3891,12,0.09,0.56,-0.91,0.90,5.53,-8.87,32.38,-9.11
3908,11,0.07,0.56,-0.91,0.66,5.52,-8.91,32.37,-9.02
3927,-1,0.07,0.57,-0.91,0.64,5.56,-8.88,32.39,-9.01
3944,0,0.10,0.56,-0.91,1.03,5.49,-8.91,32.43,-9.04
3962,13,0.14,0.57,-0.90,1.40,5.58,-8.81,32.49,-9.08
3980,10,0.14,0.58,-0.89,1.41,5.71,-8.72,32.58,-9.06
3998,-13,0.12,0.58,-0.89,1.23,5.64,-8.69,32.66,-8.98
4017,-11,0.09,0.58,-0.88,0.88,5.73,-8.61,32.79,-8.89
4034,7,0.07,0.59,-0.86,0.68,5.77,-8.43,32.94,-8.85
4052,-8,0.09,0.59,-0.86,0.86,5.75,-8.42,33.12,-8.91
4070,-16,0.11,0.60,-0.86,1.08,5.87,-8.47,33.28,-9.01
4088,0,0.12,0.60,-0.87,1.21,5.92,-8.57,33.38,-9.05
4106,4,0.12,0.60,-0.86,1.19,5.87,-8.40,33.43,-8.99
4124,0,0.10,0.58,-0.85,1.00,5.73,-8.33,33.47,-8.89
4142,5,0.08,0.59,-0.86,0.81,5.79,-8.43,33.52,-8.82
4160,9,0.07,0.59,-0.86,0.72,5.82,-8.47,33.58,-8.84
4177,11,0.09,0.61,-0.89,0.89,5.97,-8.71,33.62,-8.91
4196,4,0.11,0.61,-0.89,1.03,5.95,-8.71,33.64,-8.99
4213,-5,0.11,0.59,-0.88,1.10,5.83,-8.66,33.66,-9.03
4232,-2,0.11,0.58,-0.87,1.12,5.70,-8.57,33.68,-9.01
4250,-2,0.11,0.59,-0.87,1.07,5.76,-8.54,33.71,-8.95
4268,-1,0.10,0.58,-0.87,0.99,5.72,-8.52,33.72,-8.91
4286,-11,0.10,0.59,-0.86,1.02,5.74,-8.46,33.72,-8.90
4303,-15,0.11,0.58,-0.88,1.10,5.65,-8.60,33.70,-8.91
4322,2,0.12,0.58,-0.90,1.19,5.68,-8.78,33.65,-8.93
4339,8,0.12,0.58,-0.90,1.21,5.67,-8.82,33.59,-8.94
4358,15,0.11,0.58,-0.90,1.11,5.64,-8.86,33.51,-8.93
4376,-2,0.11,0.57,-0.91,1.05,5.59,-8.96,33.44,-8.92
4393,-4,0.11,0.57,-0.90,1.06,5.55,-8.86,33.41,-8.91
4412,23,0.12,0.58,-0.90,1.20,5.65,-8.80,33.43,-8.89
4429,-4,0.12,0.59,-0.90,1.15,5.76,-8.82,33.48,-8.82
4448,-14,0.11,0.60,-0.90,1.09,5.86,-8.86,33.54,-8.73
4465,4,0.09,0.60,-0.91,0.88,5.87,-8.94,33.56,-8.65
4484,-2,0.08,0.60,-0.91,0.83,5.90,-8.96,33.58,-8.61
4501,-8,0.10,0.58,-0.91,1.00,5.71,-8.89,33.59,-8.61
4519,-11,0.11,0.57,-0.90,1.11,5.56,-8.81,33.64,-8.66
4538,-6,0.12,0.58,-0.89,1.21,5.65,-8.69,33.75,-8.70
4555,7,0.13,0.59,-0.89,1.25,5.76,-8.69,33.87,-8.69
4574,3,0.12,0.58,-0.87,1.14,5.72,-8.55,33.97,-8.61
4591,0,0.10,0.57,-0.86,0.99,5.63,-8.43,34.06,-8.52
4610,14,0.09,0.59,-0.86,0.92,5.77,-8.39,34.18,-8.43
4627,9,0.09,0.59,-0.86,0.87,5.75,-8.40,34.26,-8.35
4645,0,0.09,0.58,-0.87,0.89,5.67,-8.48,34.29,-8.27
4663,2,0.09,0.59,-0.86,0.91,5.74,-8.45,34.29,-8.20
4681,-7,0.09,0.59,-0.87,0.84,5.83,-8.51,34.25,-8.12
4699,-6,0.08,0.59,-0.87,0.75,5.81,-8.55,34.21,-8.06
4717,6,0.08,0.58,-0.89,0.77,5.72,-8.72,34.17,-8.05
4734,-11,0.09,0.59,-0.90,0.92,5.80,-8.81,34.15,-8.08
4753,-20,0.11,0.60,-0.90,1.07,5.86,-8.83,34.15,-8.10
4771,2,0.12,0.59,-0.89,1.21,5.81,-8.71,34.14,-8.07
4789,9,0.11,0.59,-0.88,1.11,5.79,-8.65,34.16,-7.99
4807,8,0.11,0.60,-0.87,1.07,5.84,-8.51,34.21,-7.94
4825,0,0.10,0.59,-0.87,0.96,5.82,-8.53,34.28,-7.92
4843,2,0.11,0.60,-0.87,1.06,5.84,-8.53,34.33,-7.94
4860,9,0.12,0.61,-0.89,1.16,5.94,-8.71,34.32,-7.95
4878,1,0.11,0.60,-0.88,1.09,5.85,-8.65,34.27,-7.93
4896,-5,0.11,0.59,-0.88,1.05,5.75,-8.59,34.22,-7.90
4915,0,0.10,0.58,-0.87,1.02,5.68,-8.54,34.22,-7.90
4932,3,0.11,0.59,-0.89,1.05,5.76,-8.72,34.23,-7.92
4951,-7,0.12,0.59,-0.89,1.14,5.83,-8.73,34.25,-7.94
4968,-17,0.11,0.59,-0.88,1.12,5.82,-8.63,34.26,-7.93
4986,-8,0.10,0.58,-0.88,1.03,5.72,-8.62,34.28,-7.88
5004,7,0.09,0.59,-0.88,0.93,5.79,-8.61,34.31,-7.83
5022,12,0.09,0.60,-0.88,0.87,5.89,-8.66,34.34,-7.80
5040,0,0.10,0.60,-0.89,1.01,5.87,-8.74,34.35,-7.82
5058,-5,0.11,0.59,-0.89,1.08,5.79,-8.70,34.36,-7.86
5075,15,0.10,0.59,-0.89,0.99,5.76,-8.74,34.37,-7.90
5094,13,0.08,0.59,-0.89,0.81,5.82,-8.72,34.41,-7.93
5112,-6,0.08,0.59,-0.89,0.83,5.74,-8.72,34.44,-8.00
5130,-6,0.11,0.59,-0.89,1.06,5.76,-8.67,34.50,-8.08
5148,-3,0.13,0.59,-0.89,1.26,5.75,-8.70,34.55,-8.10
5166,0,0.12,0.58,-0.88,1.21,5.71,-8.61,34.59,-8.05
5184,-4,0.09,0.58,-0.87,0.92,5.69,-8.48,34.64,-7.96
5201,-19,0.08,0.58,-0.86,0.81,5.72,-8.39,34.71,-7.92
5220,-8,0.09,0.59,-0.86,0.89,5.80,-8.45,34.78,-7.96
5237,21,0.11,0.60,-0.87,1.04,5.90,-8.56,34.81,-8.03
5256,12,0.11,0.60,-0.87,1.05,5.89,-8.55,34.81,-8.07
5274,-6,0.11,0.59,-0.86,1.05,5.81,-8.41,34.83,-8.08
5292,-1,0.10,0.58,-0.85,0.96,5.71,-8.37,34.88,-8.06
5310,8,0.09,0.59,-0.86,0.86,5.75,-8.40,34.95,-8.07
5327,9,0.08,0.60,-0.86,0.77,5.83,-8.42,35.00,-8.06
5346,0,0.07,0.59,-0.87,0.67,5.79,-8.48,35.00,-8.06
5363,-4,0.05,0.60,-0.88,0.50,5.89,-8.58,34.98,-8.05
5382,0,0.05,0.60,-0.88,0.45,5.91,-8.63,34.94,-8.06
5399,-10,0.05,0.60,-0.90,0.49,5.84,-8.79,34.88,-8.06
5417,-19,0.06,0.58,-0.89,0.59,5.72,-8.74,34.84,-8.08
5435,-7,0.07,0.59,-0.89,0.64,5.74,-8.75,34.81,-8.08
5453,6,0.07,0.59,-0.89,0.70,5.77,-8.74,34.78,-8.05
5472,10,0.07,0.59,-0.90,0.72,5.76,-8.82,34.74,-8.00
5489,-2,0.08,0.59,-0.90,0.77,5.74,-8.81,34.70,-7.97
5508,4,0.09,0.59,-0.91,0.86,5.82,-8.90,34.67,-7.99
5525,21,0.10,0.60,-0.91,0.93,5.86,-8.88,34.67,-8.06
5543,4,0.13,0.59,-0.90,1.23,5.83,-8.85,34.67,-8.17
5561,-8,0.14,0.59,-0.90,1.38,5.83,-8.81,34.69,-8.24
5579,-3,0.15,0.60,-0.89,1.51,5.86,-8.77,34.72,-8.24
5597,2,0.13,0.60,-0.90,1.23,5.89,-8.78,34.76,-8.18
5615,0,0.10,0.60,-0.88,0.98,5.84,-8.61,34.82,-8.13
5633,-9,0.11,0.59,-0.88,1.08,5.81,-8.66,34.91,-8.11
5651,-15,0.13,0.58,-0.88,1.24,5.72,-8.58,34.99,-8.14
5669,-5,0.12,0.60,-0.87,1.20,5.84,-8.56,35.09,-8.13
5687,7,0.11,0.60,-0.86,1.07,5.87,-8.47,35.18,-8.10
5705,6,0.10,0.59,-0.85,1.02,5.81,-8.35,35.25,-8.04
5723,-1,0.09,0.60,-0.84,0.89,5.83,-8.28,35.30,-7.96
5741,6,0.06,0.59,-0.85,0.63,5.82,-8.32,35.34,-7.88
5758,17,0.05,0.59,-0.86,0.50,5.81,-8.42,35.35,-7.85
5777,6,0.06,0.59,-0.87,0.62,5.82,-8.56,35.35,-7.88
5794,-6,0.08,0.59,-0.87,0.76,5.83,-8.57,35.33,-7.87
5813,-8,0.08,0.59,-0.87,0.75,5.76,-8.57,35.29,-7.79
5830,1,0.06,0.58,-0.87,0.63,5.72,-8.56,35.23,-7.67
5849,-3,0.05,0.58,-0.87,0.51,5.68,-8.50,35.18,-7.55
5866,-18,0.06,0.58,-0.86,0.62,5.71,-8.47,35.15,-7.51
5884,-7,0.08,0.59,-0.88,0.82,5.79,-8.60,35.11,-7.51
5902,2,0.10,0.60,-0.88,0.95,5.86,-8.62,35.05,-7.49
5920,7,0.09,0.60,-0.89,0.91,5.85,-8.76,34.97,-7.44
5938,5,0.07,0.60,-0.89,0.71,5.92,-8.73,34.91,-7.37
5956,-6,0.07,0.59,-0.90,0.67,5.82,-8.83,34.84,-7.33
5975,13,0.08,0.60,-0.89,0.78,5.87,-8.69,34.80,-7.33
5992,16,0.10,0.60,-0.88,0.98,5.84,-8.63,34.81,-7.34
6010,-6,0.12,0.61,-0.88,1.13,5.95,-8.63,34.83,-7.33
6028,-1,0.12,0.61,-0.88,1.18,5.99,-8.61,34.86,-7.29
6046,3,0.12,0.63,-0.87,1.17,6.17,-8.48,34.86,-7.24
6064,-8,0.12,0.61,-0.86,1.18,5.96,-8.46,34.85,-7.16
6082,-8,0.13,0.61,-0.86,1.31,5.99,-8.45,34.83,-6.99
6099,-7,0.13,0.63,-0.86,1.30,6.16,-8.44,34.76,-6.67
6118,-3,0.11,0.63,-0.85,1.04,6.18,-8.35,34.61,-6.01
6136,9,0.06,0.64,-0.88,0.56,6.23,-8.58,34.37,-5.13
6154,0,0.03,0.64,-0.88,0.27,6.31,-8.67,34.05,-4.09
6172,-7,0.04,0.65,-0.87,0.44,6.36,-8.54,33.65,-2.99
6190,13,0.07,0.65,-0.85,0.65,6.39,-8.31,33.21,-1.92
6208,16,0.05,0.64,-0.82,0.47,6.24,-8.07,32.73,-0.89
6225,2,0.00,0.64,-0.80,0.01,6.25,-7.88,32.27,0.02
6244,-5,-0.05,0.64,-0.79,-0.45,6.26,-7.75,31.79,0.80
6261,-3,-0.05,0.65,-0.80,-0.46,6.39,-7.82,31.47,1.21
6280,-3,0.00,0.67,-0.83,0.01,6.56,-8.14,31.17,1.42
6297,-5,0.07,0.68,-0.87,0.70,6.68,-8.50,30.88,1.55
6316,-13,0.12,0.70,-0.89,1.14,6.89,-8.71,30.47,1.84
6333,-12,0.16,0.70,-0.85,1.53,6.82,-8.38,30.11,2.24
6351,2,0.14,0.66,-0.82,1.35,6.46,-8.08,29.85,2.89
6369,6,0.07,0.65,-0.81,0.72,6.40,-7.97,29.86,3.62
6387,10,0.05,0.74,-0.89,0.45,7.28,-8.75,30.14,4.18
6405,7,0.06,0.77,-0.97,0.60,7.51,-9.55,30.48,4.44
6423,-4,0.08,0.69,-0.98,0.74,6.78,-9.59,30.82,4.83
6440,6,0.09,0.66,-0.92,0.85,6.50,-9.01,31.38,5.44
6459,17,0.14,0.70,-0.90,1.40,6.84,-8.80,32.41,6.10
6476,-7,0.12,0.66,-0.94,1.18,6.43,-9.18,33.47,6.61
6495,-16,0.06,0.60,-0.95,0.58,5.89,-9.28,34.61,7.11
6512,9,0.04,0.61,-0.90,0.40,6.00,-8.84,35.69,7.37
6531,11,0.04,0.60,-0.85,0.42,5.84,-8.34,37.08,7.28
6548,-16,0.08,0.58,-0.86,0.83,5.68,-8.40,38.45,6.70
6566,-22,0.14,0.57,-0.89,1.33,5.57,-8.74,39.89,5.57
6584,0,0.19,0.59,-0.89,1.85,5.78,-8.70,41.27,4.17
6602,11,0.13,0.58,-0.87,1.24,5.67,-8.56,42.63,2.76
6620,7,0.03,0.57,-0.87,0.33,5.54,-8.49,44.09,1.20
6637,-4,0.05,0.59,-0.89,0.48,5.81,-8.72,45.56,-0.82
6656,10,0.11,0.56,-0.98,1.06,5.47,-9.63,47.12,-3.50
6674,18,0.14,0.53,-1.05,1.34,5.19,-10.28,48.31,-5.92
6691,-2,0.12,0.50,-1.12,1.19,4.89,-11.01,49.24,-7.63
6710,-8,0.06,0.50,-1.13,0.59,4.92,-11.07,50.27,-9.02
6728,-2,0.03,0.51,-1.11,0.32,5.02,-10.91,51.12,-10.06
6746,-8,0.02,0.40,-1.17,0.17,3.94,-11.45,51.74,-10.92
6764,-14,-0.07,0.46,-1.12,-0.70,4.46,-10.97,52.30,-11.86
6782,-19,-0.44,1.27,-0.17,-4.30,12.49,-1.64,49.71,-12.69
6801,0,-0.08,1.19,-0.41,-0.75,11.70,-4.01,45.48,-13.26
6819,23,-0.32,-0.10,0.40,-3.09,-0.94,3.95,43.81,-11.41
6838,7,-0.74,0.40,-0.50,-7.23,3.95,-4.94,43.50,-12.62
6855,15,-0.01,0.86,-1.37,-0.06,8.40,-13.39,43.21,-13.95
6874,5,-0.15,0.40,-1.26,-1.47,3.87,-12.35,42.06,-13.73
6892,-21,-0.34,0.33,-0.96,-3.29,3.19,-9.36,41.04,-13.68
6910,-20,-0.20,0.48,-0.75,-2.01,4.71,-7.33,40.38,-13.55
6929,35,-0.13,0.50,-0.74,-1.29,4.89,-7.24,39.78,-13.59
6947,57,-0.24,0.55,-1.00,-2.31,5.42,-9.76,39.25,-13.47
6965,-67,-0.26,0.62,-1.00,-2.51,6.10,-9.81,38.78,-13.11
6983,-61,-0.35,0.49,-0.92,-3.44,4.83,-9.01,38.30,-12.76
7002,66,-0.34,0.50,-0.95,-3.29,4.87,-9.29,37.78,-12.34
7020,8,-0.28,0.54,-0.88,-2.78,5.28,-8.60,37.44,-12.09
7038,-40,-0.24,0.55,-0.93,-2.30,5.43,-9.09,37.15,-11.83
7057,28,-0.29,0.52,-0.92,-2.88,5.14,-9.01,36.88,-11.52
7075,26,-0.34,0.53,-0.91,-3.32,5.16,-8.89,36.67,-11.22
7093,-35,-0.29,0.52,-0.87,-2.86,5.07,-8.54,36.55,-10.92
7111,-15,-0.28,0.54,-0.90,-2.78,5.32,-8.81,36.50,-10.69
7130,21,-0.21,0.58,-0.91,-2.01,5.64,-8.94,36.48,-10.42
7148,-24,-0.23,0.53,-0.90,-2.27,5.22,-8.80,36.42,-10.06
7166,-2,-0.18,0.55,-0.86,-1.80,5.35,-8.44,36.37,-9.61
7185,45,-0.14,0.57,-0.93,-1.38,5.60,-9.10,36.33,-9.11
7202,7,-0.11,0.60,-0.90,-1.11,5.88,-8.81,36.26,-8.53
7221,-38,-0.10,0.60,-0.79,-1.00,5.84,-7.75,36.21,-7.72
7239,49,-0.16,0.59,-0.83,-1.54,5.78,-8.17,36.32,-6.93
7258,18,-0.13,0.62,-0.91,-1.24,6.04,-8.96,36.45,-6.28
7275,-103,-0.08,0.58,-0.89,-0.81,5.69,-8.74,36.37,-5.51
7293,-4,-0.05,0.55,-0.80,-0.52,5.35,-7.85,36.31,-4.53
7312,61,-0.13,0.57,-0.87,-1.26,5.58,-8.51,36.43,-3.66
7330,29,-0.19,0.63,-0.92,-1.82,6.15,-8.99,36.51,-2.75
7348,-36,-0.10,0.65,-0.90,-0.97,6.34,-8.81,36.54,-1.82
7366,-28,-0.01,0.58,-0.88,-0.14,5.73,-8.65,36.56,-0.92
7385,12,-0.14,0.56,-0.91,-1.33,5.45,-8.95,36.55,-0.13
7403,7,-0.16,0.65,-0.94,-1.59,6.38,-9.25,36.53,0.50
7420,5,-0.12,0.61,-0.91,-1.18,5.97,-8.94,36.46,0.97
7439,-13,-0.02,0.59,-0.87,-0.22,5.75,-8.56,36.49,1.30
7457,19,-0.03,0.57,-0.92,-0.30,5.63,-9.00,36.58,1.45
7475,32,-0.14,0.63,-0.99,-1.39,6.19,-9.73,36.65,1.52
7493,-33,-0.12,0.65,-0.97,-1.17,6.33,-9.54,36.67,1.49
7512,6,-0.10,0.58,-0.97,-0.95,5.72,-9.50,36.68,1.31
7529,30,-0.05,0.60,-0.93,-0.49,5.85,-9.14,36.75,1.04
7547,-59,-0.03,0.56,-0.90,-0.27,5.49,-8.79,36.88,0.66
7565,-23,-0.08,0.55,-0.99,-0.82,5.37,-9.66,37.07,0.29
7583,28,-0.08,0.58,-1.01,-0.80,5.70,-9.88,37.20,-0.02
7602,-5,-0.10,0.55,-0.92,-0.99,5.39,-9.01,37.19,-0.21
7620,-6,-0.09,0.46,-0.87,-0.90,4.53,-8.55,37.25,-0.47
7638,49,-0.04,0.55,-1.02,-0.41,5.38,-9.96,37.48,-0.95
7656,10,-0.02,0.61,-1.06,-0.15,6.01,-10.36,37.57,-1.24
7674,-55,-0.07,0.55,-0.89,-0.67,5.40,-8.68,37.63,-1.20
7693,29,-0.11,0.51,-0.95,-1.04,4.96,-9.36,37.97,-1.26
7710,63,-0.08,0.60,-1.11,-0.81,5.92,-10.84,38.26,-1.38
7729,-45,-0.10,0.60,-1.10,-0.98,5.92,-10.77,38.49,-1.26
7747,-88,-0.08,0.55,-0.96,-0.74,5.40,-9.40,38.90,-1.01
7766,16,-0.08,0.52,-1.02,-0.78,5.10,-9.99,39.74,-0.80
7784,67,-0.15,0.51,-1.18,-1.47,5.05,-11.53,40.69,-0.66
7802,-10,-0.08,0.48,-1.17,-0.81,4.73,-11.50,41.69,-0.47
7820,-62,0.03,0.44,-1.17,0.31,4.31,-11.47,42.82,-0.23
7838,-27,-0.01,0.40,-1.28,-0.06,3.89,-12.58,44.05,0.02
7857,69,-0.06,0.40,-1.35,-0.59,3.94,-13.22,45.41,0.39
7875,102,-0.00,0.37,-1.30,-0.03,3.60,-12.76,46.66,0.85
7894,-5,0.01,0.27,-1.26,0.08,2.69,-12.40,48.09,1.40
7911,-68,-0.02,0.26,-1.30,-0.19,2.54,-12.72,49.45,1.87
7929,-30,-0.05,0.27,-1.39,-0.53,2.63,-13.62,51.03,2.35
7948,0,-0.01,0.22,-1.32,-0.09,2.18,-12.96,52.77,2.91
7965,4,0.01,0.24,-1.36,0.06,2.38,-13.28,54.41,3.36
7984,4,-0.02,0.24,-1.36,-0.17,2.31,-13.34,56.47,3.84
8002,6,0.02,0.18,-1.30,0.22,1.78,-12.78,58.45,4.26
8019,-12,0.01,0.15,-1.32,0.09,1.45,-12.93,60.38,4.60
8038,-17,-0.05,0.15,-1.30,-0.51,1.49,-12.70,62.67,5.01
8056,22,0.01,0.02,-1.21,0.06,0.20,-11.89,64.72,5.24
8074,11,0.07,-0.01,-1.19,0.64,-0.13,-11.62,66.82,5.44
8092,-68,0.07,-0.00,-1.10,0.65,-0.01,-10.80,68.83,5.68
8111,-40,0.01,-0.00,-1.06,0.14,-0.00,-10.38,71.00,5.82
8129,78,0.02,-0.09,-1.00,0.22,-0.85,-9.83,72.83,5.87
8146,37,0.06,-0.15,-0.90,0.62,-1.50,-8.79,74.33,5.94
8165,-122,0.01,-0.09,-0.92,0.14,-0.92,-8.99,76.23,6.02
8183,-35,0.01,-0.11,-0.91,0.10,-1.12,-8.96,77.66,6.03
8201,166,0.04,-0.14,-0.82,0.38,-1.40,-8.07,78.74,5.95
8219,85,0.08,-0.17,-0.73,0.76,-1.68,-7.14,79.61,5.82
8238,-4,0.00,-0.25,-0.69,0.01,-2.42,-6.80,80.47,5.80
8255,-7,-0.00,-0.28,-0.75,-0.04,-2.70,-7.37,80.90,5.68
8273,-195,0.04,-0.32,-0.67,0.44,-3.14,-6.58,81.10,5.53
8292,-32,0.05,-0.37,-0.62,0.54,-3.65,-6.04,81.18,5.38
8310,279,0.06,-0.42,-0.62,0.63,-4.16,-6.05,80.95,5.22
8328,14,0.05,-0.49,-0.63,0.53,-4.80,-6.19,80.58,5.06
8346,-124,0.06,-0.56,-0.58,0.56,-5.44,-5.64,79.89,4.95
8365,13,0.08,-0.66,-0.46,0.81,-6.45,-4.50,79.04,4.80
8383,-19,0.12,-0.74,-0.41,1.15,-7.26,-4.00,78.06,4.68
8400,-56,0.11,-0.71,-0.40,1.08,-6.94,-3.89,76.88,4.69
8419,-54,0.07,-0.69,-0.38,0.65,-6.78,-3.72,75.60,4.79
8437,-2,0.13,-0.77,-0.20,1.23,-7.55,-1.95,73.72,4.86
8455,50,0.13,-0.78,-0.21,1.27,-7.61,-2.05,71.86,4.93
8473,65,0.03,-0.71,-0.32,0.27,-6.95,-3.15,69.90,5.30
8492,50,0.03,-0.72,-0.33,0.29,-7.10,-3.20,67.63,5.71
8509,-54,0.06,-0.78,-0.21,0.55,-7.67,-2.09,64.93,6.01
8527,-73,0.06,-0.84,-0.19,0.56,-8.19,-1.86,62.26,6.35
8546,32,-0.08,-0.69,-0.44,-0.77,-6.81,-4.35,59.97,6.89
8564,3,0.00,-0.73,-0.41,0.05,-7.18,-4.05,57.25,7.20
8582,-75,0.11,-0.76,-0.33,1.09,-7.44,-3.28,54.37,7.30
8600,61,0.01,-0.82,-0.31,0.07,-8.04,-3.02,51.54,7.51
8619,97,-0.08,-0.72,-0.46,-0.75,-7.10,-4.46,48.91,7.65
8636,-31,0.07,-0.76,-0.39,0.70,-7.49,-3.83,46.11,7.44
8654,-46,0.09,-0.73,-0.35,0.86,-7.19,-3.48,43.19,7.21
8673,-25,0.05,-0.77,-0.35,0.49,-7.53,-3.41,40.23,7.09
8691,-1,-0.02,-0.67,-0.46,-0.22,-6.57,-4.52,37.36,7.03
8709,-12,0.10,-0.67,-0.39,0.93,-6.59,-3.81,34.19,6.80
8727,13,0.12,-0.67,-0.34,1.20,-6.52,-3.30,30.89,6.52
8745,43,0.10,-0.66,-0.39,0.97,-6.43,-3.85,27.67,6.36
8764,-37,-0.02,-0.49,-0.57,-0.18,-4.78,-5.59,24.63,6.38
8781,11,0.08,-0.48,-0.56,0.74,-4.67,-5.47,21.44,6.25
8800,46,0.16,-0.59,-0.50,1.57,-5.79,-4.93,17.98,5.91
8818,-62,0.12,-0.55,-0.67,1.21,-5.36,-6.52,14.79,5.86
8836,29,-0.05,-0.45,-0.78,-0.46,-4.41,-7.65,11.67,5.98
8854,89,-0.00,-0.57,-0.68,-0.04,-5.54,-6.69,8.27,5.86
8872,13,0.18,-0.50,-0.70,1.77,-4.90,-6.86,5.09,5.38
8891,22,0.14,-0.48,-0.78,1.41,-4.66,-7.62,1.91,5.02
8908,-44,0.11,-0.43,-0.90,1.10,-4.22,-8.84,-0.80,4.92
8927,-233,0.00,-0.44,-0.99,0.01,-4.26,-9.71,-3.78,4.61
8945,-39,0.17,-0.38,-0.88,1.62,-3.76,-8.65,-6.67,3.83
8963,220,0.35,-0.41,-0.96,3.48,-4.01,-9.39,-9.21,3.08
8981,26,0.15,-0.32,-1.17,1.45,-3.11,-11.49,-11.50,2.90
8999,-104,-0.15,-0.39,-1.05,-1.42,-3.81,-10.32,-14.00,2.82
9018,-52,0.12,-0.27,-0.89,1.14,-2.62,-8.69,-16.26,1.94
9036,80,0.44,-0.24,-1.07,4.27,-2.35,-10.52,-17.96,1.01
9055,15,0.27,-0.20,-1.19,2.64,-1.97,-11.67,-19.83,0.98
9073,-51,-0.07,-0.10,-1.10,-0.68,-1.03,-10.80,-21.65,1.05
9092,56,0.12,-0.10,-0.98,1.20,-0.97,-9.63,-23.42,0.53
9109,11,0.40,-0.08,-1.06,3.94,-0.83,-10.36,-24.76,-0.05
9127,-3,0.24,-0.06,-1.10,2.36,-0.60,-10.76,-26.17,-0.05
9146,28,-0.00,0.02,-1.16,-0.05,0.17,-11.35,-27.60,0.05
9164,-3,0.17,0.13,-1.10,1.64,1.23,-10.81,-28.97,-0.15
9183,-56,0.32,-0.03,-0.97,3.16,-0.25,-9.46,-30.38,-0.52
9201,-17,0.24,0.07,-1.05,2.39,0.65,-10.32,-31.29,-0.59
9219,43,0.10,0.24,-1.22,0.98,2.31,-12.00,-32.17,-0.46
9237,-17,0.09,0.25,-1.23,0.86,2.42,-12.04,-33.30,-0.52
9255,-2,0.21,0.09,-0.94,2.03,0.88,-9.18,-34.49,-0.71
9274,2,0.34,0.16,-0.85,3.29,1.54,-8.36,-35.17,-0.86
9291,-27,0.05,0.39,-1.31,0.45,3.78,-12.86,-35.46,-0.78
9310,44,0.01,0.33,-1.21,0.14,3.28,-11.82,-36.63,-0.71
9328,31,0.26,0.25,-0.98,2.51,2.48,-9.65,-37.54,-1.00
9346,-16,0.36,0.31,-0.98,3.57,3.06,-9.61,-38.07,-1.18
9364,7,0.10,0.45,-1.15,0.99,4.43,-11.27,-38.47,-1.04
9382,12,0.05,0.46,-1.13,0.46,4.49,-11.03,-39.05,-1.01
9401,-51,0.24,0.44,-1.03,2.39,4.36,-10.08,-39.71,-1.20
9418,-43,0.36,0.47,-0.96,3.49,4.61,-9.45,-39.95,-1.22
9437,71,0.19,0.51,-1.08,1.81,5.01,-10.58,-40.14,-1.08
9455,34,0.13,0.51,-1.12,1.25,5.01,-10.97,-40.35,-0.95
9474,-69,0.28,0.53,-1.02,2.73,5.16,-9.95,-40.59,-0.88
9491,0,0.34,0.50,-1.00,3.31,4.93,-9.75,-40.46,-0.82
9509,41,0.20,0.55,-1.06,1.92,5.38,-10.43,-40.20,-0.67
9528,-35,0.21,0.58,-1.14,2.09,5.72,-11.19,-39.95,-0.56
9545,-43,0.32,0.58,-1.03,3.14,5.65,-10.13,-39.51,-0.48
9564,13,0.34,0.49,-1.00,3.36,4.81,-9.79,-38.87,-0.33
9582,29,0.21,0.60,-1.16,2.01,5.85,-11.39,-37.99,-0.20
9601,28,0.29,0.52,-1.09,2.82,5.09,-10.70,-37.17,-0.10
9618,16,0.36,0.52,-1.04,3.57,5.13,-10.21,-36.01,-0.05
9636,-47,0.29,0.53,-1.14,2.89,5.15,-11.15,-34.63,0.10
9655,-19,0.21,0.56,-1.15,2.03,5.52,-11.26,-33.16,0.21
9673,65,0.32,0.50,-1.12,3.09,4.86,-10.99,-31.59,0.10
9691,-19,0.37,0.51,-1.14,3.67,5.05,-11.21,-29.75,0.03
9709,-66,0.27,0.55,-1.18,2.64,5.40,-11.59,-27.73,0.04
9728,32,0.20,0.55,-1.21,1.96,5.35,-11.86,-25.48,-0.09
9745,16,0.34,0.50,-1.18,3.30,4.90,-11.52,-23.19,-0.44
9763,13,0.39,0.50,-1.20,3.82,4.88,-11.74,-20.57,-0.77
9782,14,0.30,0.45,-1.24,2.94,4.45,-12.11,-17.65,-1.10
9800,-39,0.27,0.50,-1.29,2.64,4.91,-12.62,-14.75,-1.54
9818,0,0.38,0.44,-1.24,3.71,4.30,-12.13,-11.84,-2.09
9836,15,0.38,0.39,-1.23,3.73,3.85,-12.05,-8.74,-2.56
9854,4,0.31,0.40,-1.23,3.07,3.95,-12.01,-5.51,-2.98
9872,-26,0.27,0.40,-1.27,2.65,3.95,-12.48,-2.22,-3.40
9890,5,0.29,0.38,-1.26,2.83,3.69,-12.31,1.02,-3.85
9908,36,0.42,0.26,-1.16,4.07,2.52,-11.40,4.22,-4.26
9926,2,0.36,0.27,-1.24,3.50,2.62,-12.12,7.48,-4.50
9945,8,0.25,0.19,-1.18,2.45,1.91,-11.61,10.75,-4.66
9962,-17,0.26,0.17,-1.16,2.59,1.67,-11.39,13.63,-4.90
9980,30,0.34,0.20,-1.06,3.30,1.97,-10.43,16.56,-5.04
9999,9,0.22,0.06,-1.07,2.14,0.58,-10.52,19.54,-5.07
10016,-26,0.12,0.04,-1.09,1.21,0.38,-10.68,22.08,-5.12
10035,-12,0.25,0.04,-1.05,2.44,0.35,-10.27,24.75,-5.31
10053,-53,0.26,0.02,-0.94,2.59,0.21,-9.23,27.09,-5.50
10071,23,0.21,-0.12,-0.89,2.10,-1.15,-8.75,29.30,-5.63
10089,25,0.09,-0.09,-0.96,0.88,-0.84,-9.38,31.44,-5.74
10107,-40,0.16,-0.12,-0.89,1.57,-1.16,-8.73,33.27,-6.04
10126,-77,0.31,-0.21,-0.78,2.99,-2.10,-7.68,35.05,-6.38
10144,4,0.21,-0.26,-0.75,2.04,-2.55,-7.34,36.52,-6.58
10163,140,0.13,-0.29,-0.78,1.28,-2.87,-7.63,38.02,-6.77
10181,11,0.17,-0.31,-0.81,1.66,-3.02,-7.91,39.14,-7.04
10199,-43,0.22,-0.39,-0.72,2.16,-3.86,-7.01,39.95,-7.39
10217,19,0.15,-0.44,-0.69,1.50,-4.33,-6.75,40.64,-7.67
10235,-13,0.15,-0.42,-0.72,1.47,-4.16,-7.05,41.27,-7.87
10254,-106,0.13,-0.45,-0.68,1.26,-4.42,-6.62,41.77,-8.06
10272,-4,0.16,-0.47,-0.62,1.60,-4.63,-6.08,41.97,-8.37
10291,181,0.15,-0.61,-0.56,1.50,-5.94,-5.48,42.00,-8.67
10309,49,0.15,-0.60,-0.59,1.51,-5.85,-5.74,41.98,-8.87
10327,-66,0.06,-0.61,-0.52,0.59,-5.93,-5.11,41.65,-9.00
10345,-16,0.13,-0.70,-0.48,1.24,-6.84,-4.74,41.11,-9.24
10363,-61,0.20,-0.70,-0.41,2.00,-6.89,-3.97,40.29,-9.55
10382,-48,0.14,-0.73,-0.37,1.33,-7.12,-3.64,39.36,-9.68
10400,67,0.06,-0.64,-0.40,0.56,-6.28,-3.90,38.35,-9.70
10419,43,0.14,-0.67,-0.38,1.34,-6.60,-3.68,37.10,-9.84
10437,9,0.16,-0.73,-0.32,1.59,-7.18,-3.12,35.56,-10.01
10456,-67,0.11,-0.75,-0.31,1.08,-7.33,-3.08,34.02,-10.03
10474,-96,0.03,-0.61,-0.51,0.26,-5.96,-4.99,32.69,-9.87
10491,55,0.05,-0.66,-0.47,0.53,-6.50,-4.62,30.83,-9.72
10510,67,0.18,-0.75,-0.28,1.75,-7.32,-2.71,28.66,-9.72
10528,9,0.15,-0.79,-0.37,1.50,-7.74,-3.59,26.75,-9.59
10547,-4,-0.05,-0.66,-0.56,-0.51,-6.46,-5.46,24.88,-9.17
10565,-25,0.06,-0.76,-0.37,0.64,-7.49,-3.67,22.51,-9.00
10584,27,0.14,-0.74,-0.31,1.35,-7.29,-3.07,20.15,-9.04
10601,29,0.11,-0.70,-0.45,1.13,-6.87,-4.40,18.04,-8.96
10619,-31,0.06,-0.62,-0.53,0.58,-6.10,-5.16,15.71,-8.64
10638,20,0.03,-0.69,-0.47,0.26,-6.79,-4.64,13.11,-8.36
10656,-32,0.12,-0.68,-0.41,1.22,-6.63,-4.02,10.44,-8.31
10675,-70,0.15,-0.62,-0.47,1.46,-6.06,-4.64,7.89,-8.22
10693,-24,0.07,-0.55,-0.58,0.71,-5.36,-5.66,5.32,-7.84
10711,-2,0.00,-0.57,-0.56,0.00,-5.57,-5.50,2.55,-7.53
10729,94,0.14,-0.55,-0.52,1.38,-5.38,-5.05,-0.31,-7.52
10747,52,0.19,-0.50,-0.59,1.87,-4.95,-5.75,-2.97,-7.59
10766,-34,0.14,-0.41,-0.76,1.34,-4.01,-7.40,-5.68,-7.32
10784,-41,-0.01,-0.46,-0.74,-0.13,-4.46,-7.24,-8.47,-7.07
10803,-62,0.09,-0.36,-0.77,0.91,-3.54,-7.53,-11.28,-7.25
10821,116,0.29,-0.47,-0.72,2.85,-4.58,-7.07,-14.00,-7.50
10840,111,0.18,-0.37,-0.93,1.79,-3.62,-9.07,-16.43,-7.42
10858,-176,0.02,-0.26,-1.03,0.19,-2.51,-10.10,-18.88,-7.37
10876,-72,0.22,-0.39,-0.81,2.13,-3.81,-7.95,-21.60,-7.78
10895,86,0.31,-0.34,-0.84,3.04,-3.36,-8.23,-23.94,-8.39
10913,21,0.27,-0.10,-1.09,2.63,-0.97,-10.65,-25.87,-8.41
10932,20,0.08,-0.21,-1.13,0.81,-2.05,-11.08,-28.25,-8.53
10950,7,0.16,-0.15,-0.94,1.54,-1.44,-9.21,-30.52,-9.10
10969,-29,0.43,-0.20,-0.97,4.18,-2.00,-9.48,-32.52,-9.73
10986,-13,0.39,-0.08,-1.03,3.82,-0.82,-10.10,-34.05,-9.71
11005,28,-0.07,0.05,-1.22,-0.71,0.53,-11.97,-35.80,-9.74
11024,6,0.11,0.08,-1.10,1.05,0.80,-10.74,-37.74,-10.20
11041,-41,0.45,0.02,-1.01,4.44,0.15,-9.91,-39.19,-10.77
11060,1,0.38,-0.01,-1.03,3.69,-0.09,-10.08,-40.55,-10.80
11078,-17,0.05,0.18,-1.18,0.53,1.80,-11.54,-41.52,-10.63
11097,-11,0.14,0.34,-1.28,1.39,3.36,-12.54,-42.84,-10.91
11115,36,0.33,0.12,-1.03,3.28,1.17,-10.06,-44.25,-11.21
11133,4,0.39,0.21,-0.94,3.79,2.03,-9.19,-45.10,-11.27
11152,-14,0.18,0.27,-1.24,1.76,2.68,-12.17,-45.80,-11.13
11170,0,0.01,0.46,-1.33,0.06,4.55,-13.08,-46.68,-11.23
11189,53,0.30,0.36,-0.97,2.92,3.52,-9.53,-47.81,-11.42
11206,0,0.54,0.25,-0.94,5.30,2.50,-9.19,-48.20,-11.49
11225,-51,0.26,0.49,-1.21,2.55,4.81,-11.89,-48.49,-11.04
11243,8,-0.06,0.54,-1.22,-0.55,5.28,-11.93,-49.03,-10.75
11261,-2,0.27,0.40,-0.91,2.67,3.94,-8.89,-49.48,-10.84
11280,-7,0.55,0.44,-0.97,5.43,4.27,-9.50,-49.62,-10.88
11298,55,0.14,0.64,-1.16,1.42,6.30,-11.34,-49.64,-10.56
11317,-22,0.05,0.52,-1.04,0.44,5.08,-10.15,-49.88,-10.28
11335,-29,0.31,0.57,-1.01,3.02,5.58,-9.95,-49.79,-10.34
11354,54,0.40,0.58,-0.98,3.87,5.69,-9.61,-49.69,-10.16
11371,-15,0.14,0.63,-1.03,1.34,6.14,-10.05,-49.25,-9.93
11389,-50,0.19,0.66,-1.03,1.83,6.49,-10.13,-48.85,-9.86
11408,-6,0.29,0.64,-0.98,2.89,6.27,-9.60,-48.42,-9.83
11426,7,0.22,0.61,-0.95,2.17,6.02,-9.30,-47.69,-9.69
11445,10,0.20,0.67,-1.01,1.99,6.55,-9.86,-46.78,-9.66
11462,35,0.29,0.63,-1.09,2.86,6.15,-10.69,-45.75,-9.68
11481,-23,0.24,0.62,-1.01,2.34,6.04,-9.88,-44.65,-9.62
11499,-31,0.29,0.59,-1.00,2.84,5.75,-9.83,-43.25,-9.66
11517,28,0.31,0.61,-1.11,3.05,5.96,-10.83,-41.65,-9.70
11536,-3,0.29,0.60,-1.13,2.80,5.85,-11.07,-39.99,-9.66
11553,3,0.29,0.59,-1.05,2.84,5.75,-10.26,-38.20,-9.64
11572,35,0.29,0.56,-1.08,2.85,5.52,-10.60,-36.10,-9.71
11590,-34,0.29,0.60,-1.12,2.86,5.85,-10.94,-33.86,-9.76
11609,-45,0.31,0.58,-1.15,3.05,5.72,-11.25,-31.42,-9.71
11627,77,0.28,0.54,-1.12,2.70,5.27,-10.97,-28.90,-9.65
11645,3,0.27,0.53,-1.14,2.61,5.18,-11.16,-26.16,-9.69
11663,-71,0.33,0.53,-1.19,3.22,5.20,-11.69,-23.29,-9.79
11681,32,0.33,0.54,-1.20,3.28,5.25,-11.73,-20.34,-9.78
11700,0,0.24,0.49,-1.20,2.39,4.80,-11.73,-17.17,-9.77
11718,-38,0.25,0.50,-1.22,2.45,4.92,-12.00,-14.06,-9.88
11737,29,0.34,0.47,-1.22,3.30,4.61,-11.93,-10.80,-10.09
11755,54,0.36,0.43,-1.18,3.57,4.21,-11.52,-7.62,-10.19
11772,35,0.25,0.41,-1.25,2.44,4.06,-12.23,-4.47,-10.26
11791,-45,0.19,0.42,-1.28,1.82,4.11,-12.55,-1.10,-10.42
11809,-73,0.35,0.35,-1.11,3.45,3.44,-10.92,2.02,-10.69
11828,-18,0.43,0.25,-1.13,4.26,2.48,-11.03,5.41,-10.86
11846,39,0.19,0.25,-1.17,1.87,2.47,-11.47,8.61,-10.86
11865,76,0.20,0.27,-1.19,1.97,2.69,-11.67,11.86,-11.01
11882,-34,0.36,0.20,-1.12,3.50,1.97,-10.96,14.55,-11.22
11900,-112,0.37,0.09,-1.06,3.59,0.89,-10.37,17.36,-11.27
11919,51,0.15,0.11,-1.12,1.46,1.05,-10.96,20.37,-11.25
11937,105,0.22,0.02,-1.08,2.17,0.17,-10.55,23.04,-11.30
11956,-70,0.31,-0.02,-1.06,3.04,-0.17,-10.35,25.80,-11.36
11974,-53,0.24,-0.09,-0.99,2.39,-0.89,-9.69,28.16,-11.20
11993,93,0.15,-0.14,-0.94,1.44,-1.37,-9.24,30.59,-11.07
12011,67,0.14,-0.16,-1.09,1.41,-1.54,-10.70,32.75,-11.15
12029,-115,0.27,-0.21,-0.93,2.64,-2.05,-9.07,34.45,-11.21
12048,-73,0.25,-0.34,-0.76,2.43,-3.29,-7.43,36.19,-11.25
12066,76,0.13,-0.27,-0.86,1.30,-2.65,-8.41,37.89,-11.18
12085,50,0.10,-0.26,-0.82,1.00,-2.54,-8.05,39.45,-11.22
12103,-24,0.20,-0.38,-0.73,1.99,-3.75,-7.14,40.65,-11.44
12122,-41,0.21,-0.37,-0.71,2.09,-3.64,-7.01,41.86,-11.54
12140,65,0.11,-0.45,-0.70,1.12,-4.45,-6.81,42.77,-11.63
12158,16,0.15,-0.48,-0.73,1.45,-4.69,-7.17,43.65,-11.88
12177,-93,0.17,-0.50,-0.64,1.67,-4.90,-6.28,44.31,-11.99
12195,-16,0.14,-0.64,-0.49,1.35,-6.25,-4.76,44.59,-11.98
12214,17,0.15,-0.57,-0.53,1.44,-5.59,-5.15,45.07,-12.05
12231,45,0.13,-0.58,-0.54,1.29,-5.68,-5.26,45.05,-12.04
12250,50,0.13,-0.61,-0.43,1.31,-6.00,-4.20,44.77,-12.02
12268,-40,0.13,-0.74,-0.21,1.29,-7.21,-2.03,43.99,-12.00
12286,-28,0.14,-0.75,-0.18,1.39,-7.35,-1.75,43.25,-12.06
12305,-3,0.02,-0.59,-0.44,0.20,-5.81,-4.36,42.82,-11.87
12323,-22,0.05,-0.71,-0.29,0.50,-6.96,-2.89,41.46,-11.62
12342,80,0.09,-0.78,-0.13,0.88,-7.63,-1.28,39.97,-11.49
12360,44,0.08,-0.73,-0.24,0.82,-7.15,-2.36,38.51,-11.34
12379,-115,-0.04,-0.69,-0.32,-0.36,-6.81,-3.12,36.98,-10.97
12397,9,0.02,-0.73,-0.31,0.20,-7.15,-3.01,35.04,-10.76
12416,-7,0.10,-0.77,-0.14,1.02,-7.59,-1.41,32.70,-10.69
12434,-47,0.12,-0.79,-0.19,1.19,-7.73,-1.82,30.56,-10.54
12452,102,-0.07,-0.66,-0.43,-0.66,-6.47,-4.18,28.53,-10.11
12471,-37,0.05,-0.74,-0.34,0.47,-7.23,-3.35,26.00,-9.88
12489,-63,0.19,-0.79,-0.21,1.83,-7.70,-2.06,23.31,-9.78
12508,61,0.11,-0.82,-0.25,1.04,-8.07,-2.47,20.74,-9.55
12526,16,-0.01,-0.65,-0.45,-0.14,-6.37,-4.40,18.33,-9.19
12545,3,0.09,-0.76,-0.36,0.90,-7.40,-3.51,15.50,-9.05
12562,9,0.14,-0.75,-0.30,1.39,-7.32,-2.95,12.79,-9.03
12580,-22,0.15,-0.69,-0.45,1.44,-6.72,-4.42,10.24,-8.94
12599,-1,0.09,-0.64,-0.53,0.85,-6.30,-5.17,7.43,-8.69
12617,27,0.03,-0.70,-0.46,0.30,-6.83,-4.54,4.53,-8.61
12636,-4,0.15,-0.69,-0.43,1.47,-6.73,-4.25,1.53,-8.83
12653,-50,0.16,-0.64,-0.49,1.54,-6.26,-4.78,-1.15,-8.96
12672,-11,0.08,-0.44,-0.73,0.75,-4.33,-7.14,-3.79,-8.91
12690,38,0.03,-0.56,-0.59,0.30,-5.50,-5.83,-6.83,-9.08
12708,-31,0.12,-0.59,-0.53,1.13,-5.75,-5.18,-9.73,-9.64
12727,8,0.23,-0.50,-0.74,2.26,-4.86,-7.21,-12.34,-10.18
12745,86,0.11,-0.36,-0.98,1.11,-3.51,-9.64,-14.79,-10.28
12764,4,-0.03,-0.48,-0.84,-0.32,-4.72,-8.19,-17.86,-10.52
12782,-65,0.21,-0.54,-0.65,2.02,-5.32,-6.35,-20.58,-11.24
12801,-4,0.29,-0.41,-0.97,2.89,-3.99,-9.46,-22.72,-11.87
12819,25,0.18,-0.41,-1.05,1.74,-4.01,-10.32,-25.05,-11.94
12837,-34,0.08,-0.45,-0.88,0.80,-4.37,-8.59,-27.40,-12.14
12856,16,0.25,-0.29,-1.02,2.44,-2.82,-9.96,-29.47,-12.78
12874,19,0.42,-0.32,-0.99,4.07,-3.15,-9.71,-31.63,-12.98
12893,-12,0.13,-0.32,-0.99,1.28,-3.09,-9.69,-33.70,-12.76
12911,-40,0.02,-0.22,-1.08,0.19,-2.16,-10.57,-35.58,-12.70
12930,-17,0.24,-0.12,-1.01,2.38,-1.16,-9.93,-37.66,-13.04
12948,84,0.44,-0.04,-1.07,4.29,-0.40,-10.47,-39.37,-12.96
12966,-30,0.20,-0.13,-1.02,1.91,-1.28,-9.99,-41.02,-12.31
12985,-57,-0.07,0.06,-1.07,-0.72,0.60,-10.52,-42.52,-11.89
13004,48,0.24,0.05,-1.09,2.35,0.45,-10.65,-44.13,-12.06
13022,16,0.47,0.09,-1.10,4.57,0.85,-10.74,-45.55,-11.88
13040,-12,0.14,0.08,-1.00,1.41,0.83,-9.78,-46.84,-11.13
13059,17,-0.03,0.30,-1.11,-0.31,2.90,-10.91,-47.94,-10.83
13077,-2,0.36,0.16,-1.03,3.48,1.58,-10.13,-49.09,-10.95
13095,-37,0.40,0.25,-1.12,3.94,2.50,-10.99,-50.09,-10.73
13114,11,0.08,0.34,-1.18,0.75,3.38,-11.53,-51.24,-10.22
13132,8,0.09,0.40,-1.07,0.89,3.92,-10.47,-52.13,-10.09
13151,11,0.33,0.39,-1.02,3.27,3.82,-10.04,-52.94,-10.26
13169,11,0.28,0.35,-1.14,2.79,3.41,-11.17,-53.42,-10.19
13188,-9,0.19,0.46,-1.13,1.90,4.54,-11.05,-53.94,-9.92
13206,14,0.16,0.47,-1.19,1.61,4.64,-11.63,-54.34,-10.00
13223,-27,0.32,0.51,-1.03,3.14,5.00,-10.11,-54.66,-10.10
13242,-13,0.42,0.42,-0.90,4.15,4.16,-8.81,-54.82,-10.20
13260,35,0.18,0.51,-1.16,1.79,4.97,-11.37,-54.67,-10.10
13279,28,0.13,0.68,-1.19,1.28,6.70,-11.68,-54.95,-9.99
13297,-26,0.33,0.53,-0.91,3.23,5.24,-8.95,-55.14,-10.04
13316,-41,0.46,0.50,-0.88,4.53,4.91,-8.62,-54.98,-10.01
13334,-8,0.27,0.60,-1.09,2.65,5.91,-10.68,-54.54,-9.67
13352,-5,0.09,0.71,-1.15,0.88,6.93,-11.28,-54.31,-9.34
13370,26,0.32,0.62,-0.90,3.17,6.09,-8.82,-54.06,-9.17
13388,4,0.43,0.55,-0.89,4.24,5.42,-8.71,-53.33,-9.03
13407,13,0.19,0.73,-1.13,1.90,7.11,-11.03,-52.35,-8.77
13425,-4,0.22,0.66,-1.06,2.16,6.50,-10.36,-51.37,-8.51
13444,-24,0.32,0.64,-1.01,3.12,6.30,-9.94,-50.13,-8.44
13461,37,0.34,0.61,-1.06,3.33,6.01,-10.38,-48.64,-8.35
13479,-21,0.24,0.61,-1.09,2.39,5.93,-10.67,-46.90,-8.24
13498,-7,0.31,0.59,-1.18,3.07,5.76,-11.52,-45.01,-8.21
13516,35,0.31,0.57,-1.15,2.99,5.58,-11.26,-43.11,-8.12
13535,-31,0.34,0.50,-1.02,3.31,4.93,-10.00,-40.94,-8.08
13553,-25,0.38,0.55,-1.10,3.77,5.35,-10.76,-38.42,-8.22
13572,13,0.32,0.62,-1.20,3.09,6.05,-11.71,-35.75,-8.21
13589,34,0.30,0.58,-1.14,2.98,5.65,-11.16,-33.14,-8.19
13607,9,0.35,0.52,-1.14,3.39,5.09,-11.20,-30.25,-8.32
13626,-37,0.35,0.60,-1.19,3.41,5.88,-11.64,-27.12,-8.48
13644,-3,0.37,0.56,-1.18,3.59,5.54,-11.61,-23.98,-8.68
13663,32,0.36,0.56,-1.21,3.56,5.44,-11.86,-20.57,-8.84
13680,2,0.27,0.55,-1.22,2.65,5.35,-11.94,-17.36,-8.96
13699,-23,0.28,0.51,-1.21,2.73,4.98,-11.87,-13.72,-9.29
13717,-4,0.41,0.49,-1.25,3.97,4.84,-12.25,-10.14,-9.72
13735,5,0.39,0.45,-1.22,3.82,4.37,-11.92,-6.56,-9.98
13754,-7,0.29,0.38,-1.27,2.81,3.69,-12.40,-2.72,-10.22
13771,37,0.29,0.36,-1.29,2.81,3.57,-12.66,0.66,-10.54
13790,-25,0.39,0.32,-1.18,3.82,3.13,-11.53,4.33,-10.91
13808,-35,0.37,0.32,-1.16,3.62,3.13,-11.37,7.91,-11.15
13827,63,0.24,0.21,-1.17,2.37,2.05,-11.51,11.66,-11.31
13845,1,0.28,0.13,-1.17,2.73,1.23,-11.44,15.09,-11.51
13862,-20,0.33,0.14,-1.16,3.28,1.32,-11.38,18.19,-11.70
13881,31,0.26,0.04,-1.01,2.60,0.41,-9.94,21.43,-11.82
13899,-11,0.24,-0.04,-0.98,2.32,-0.40,-9.63,24.48,-11.97
13918,-76,0.21,-0.04,-1.03,2.08,-0.39,-10.09,27.64,-12.05
13936,-6,0.20,-0.02,-0.97,1.95,-0.19,-9.54,30.38,-12.14
13955,29,0.18,-0.14,-0.86,1.74,-1.36,-8.42,32.99,-12.26
13973,-12,0.22,-0.18,-0.89,2.12,-1.79,-8.76,35.34,-12.39
13991,42,0.20,-0.21,-0.87,1.95,-2.03,-8.50,37.46,-12.49
14010,-81,0.16,-0.30,-0.77,1.56,-2.93,-7.55,39.46,-12.60
14028,-22,0.19,-0.28,-0.75,1.83,-2.75,-7.37,41.14,-12.82
14047,196,0.17,-0.39,-0.72,1.67,-3.85,-7.07,42.62,-12.93
14065,-58,0.13,-0.39,-0.70,1.27,-3.81,-6.85,43.82,-12.94
14084,-162,0.14,-0.42,-0.63,1.36,-4.10,-6.13,44.86,-13.08
14102,112,0.23,-0.52,-0.60,2.27,-5.07,-5.91,45.60,-13.30
14120,188,0.17,-0.54,-0.60,1.67,-5.26,-5.88,46.16,-13.36
14139,-46,0.08,-0.65,-0.53,0.82,-6.37,-5.21,46.54,-13.30
14157,-139,0.15,-0.65,-0.50,1.44,-6.34,-4.94,46.68,-13.34
14176,4,0.22,-0.66,-0.43,2.13,-6.49,-4.17,46.63,-13.39
14193,15,0.12,-0.73,-0.35,1.21,-7.20,-3.45,46.12,-13.27
14212,-28,0.09,-0.71,-0.31,0.87,-6.99,-3.08,45.61,-13.13
14230,-116,0.11,-0.70,-0.24,1.04,-6.82,-2.35,44.68,-13.09
14248,-4,0.12,-0.69,-0.11,1.19,-6.81,-1.06,43.39,-13.06
14267,253,0.09,-0.75,-0.05,0.87,-7.33,-0.52,41.99,-12.98
14285,-45,0.02,-0.69,-0.21,0.21,-6.79,-2.05,40.59,-12.76
14304,-245,0.04,-0.67,-0.17,0.39,-6.58,-1.63,38.69,-12.58
14322,133,0.11,-0.69,0.00,1.08,-6.75,0.01,36.41,-12.55
14341,156,0.07,-0.79,-0.07,0.65,-7.71,-0.71,34.09,-12.33
14359,-119,-0.00,-0.58,-0.27,-0.05,-5.70,-2.64,31.84,-11.92
14377,18,0.01,-0.69,-0.15,0.07,-6.78,-1.50,28.81,-11.56
14396,114,0.08,-0.72,-0.09,0.81,-7.10,-0.88,25.58,-11.40
14414,-102,0.05,-0.70,-0.18,0.52,-6.90,-1.79,22.45,-11.11
14433,-69,-0.01,-0.58,-0.36,-0.14,-5.71,-3.50,19.41,-10.56
14452,17,0.00,-0.67,-0.30,0.01,-6.61,-2.97,15.84,-10.11
14471,60,0.11,-0.69,-0.28,1.05,-6.74,-2.76,12.24,-9.86
14488,49,0.09,-0.67,-0.36,0.86,-6.53,-3.52,8.94,-9.61
14507,-82,0.05,-0.61,-0.58,0.51,-5.97,-5.71,5.70,-9.11
14525,-71,0.05,-0.63,-0.50,0.50,-6.15,-4.86,2.19,-8.74
14543,16,0.12,-0.59,-0.49,1.21,-5.81,-4.82,-1.12,-8.71
14562,83,0.16,-0.53,-0.70,1.54,-5.24,-6.88,-4.30,-8.60
14579,-26,0.08,-0.52,-0.74,0.77,-5.10,-7.27,-7.30,-8.29
14598,-38,0.03,-0.53,-0.65,0.28,-5.24,-6.35,-10.61,-8.19
14616,88,0.17,-0.50,-0.74,1.65,-4.94,-7.25,-13.45,-8.47
14635,-20,0.23,-0.39,-0.91,2.27,-3.81,-8.96,-16.34,-8.67
14653,-66,0.18,-0.45,-0.91,1.79,-4.38,-8.90,-19.18,-8.68
14671,18,0.03,-0.42,-0.92,0.34,-4.11,-9.04,-21.91,-8.80
14690,8,0.23,-0.43,-0.78,2.24,-4.17,-7.63,-24.75,-9.33
14708,-15,0.37,-0.30,-0.94,3.63,-2.91,-9.19,-26.88,-9.76
14727,11,0.14,-0.14,-1.14,1.34,-1.35,-11.18,-29.23,-9.58
14745,18,0.09,-0.19,-1.04,0.90,-1.81,-10.19,-31.55,-9.69
14764,-6,0.30,-0.30,-0.86,2.91,-2.89,-8.42,-33.88,-10.24
14782,-14,0.36,-0.22,-0.92,3.50,-2.17,-9.01,-35.55,-10.62
14800,-17,0.18,0.18,-1.37,1.73,1.78,-13.38,-37.06,-10.67
14819,14,0.10,-0.12,-1.10,1.02,-1.13,-10.76,-39.45,-10.68
14837,10,0.36,-0.14,-0.86,3.50,-1.35,-8.47,-41.17,-11.01
14856,18,0.31,0.07,-1.11,3.00,0.69,-10.86,-42.47,-11.26
14874,3,0.17,0.11,-1.36,1.62,1.04,-13.28,-43.83,-11.30
14893,-42,0.21,0.14,-1.22,2.02,1.37,-11.97,-45.61,-11.43
14911,17,0.42,0.09,-0.90,4.13,0.93,-8.85,-47.00,-11.63
14928,15,0.24,0.23,-1.06,2.33,2.26,-10.39,-47.66,-11.74
14947,12,0.10,0.40,-1.29,0.95,3.94,-12.68,-48.72,-11.87
14965,2,0.25,0.27,-1.12,2.50,2.61,-10.95,-49.88,-12.10
14984,-43,0.34,0.29,-1.03,3.29,2.80,-10.14,-50.79,-12.24
15002,2,0.27,0.44,-1.10,2.67,4.28,-10.78,-51.33,-12.16
15021,14,0.14,0.42,-1.14,1.35,4.08,-11.21,-51.96,-12.22
15039,7,0.22,0.39,-1.13,2.16,3.78,-11.09,-52.44,-12.42
15057,-14,0.39,0.47,-1.08,3.86,4.62,-10.63,-52.84,-12.38
15076,13,0.29,0.41,-1.03,2.81,4.04,-10.11,-53.22,-12.07
15093,47,0.16,0.47,-1.12,1.52,4.64,-10.95,-53.29,-11.84
15112,-58,0.28,0.54,-1.12,2.74,5.32,-10.94,-53.62,-11.71
15130,-36,0.43,0.48,-1.00,4.19,4.69,-9.83,-53.74,-11.42
15149,31,0.28,0.50,-1.00,2.79,4.94,-9.85,-53.67,-10.87
15167,-2,0.16,0.59,-1.08,1.59,5.76,-10.57,-53.43,-10.36
15185,12,0.27,0.61,-1.05,2.68,5.97,-10.29,-53.18,-10.02
15204,28,0.37,0.61,-0.94,3.60,5.93,-9.24,-52.83,-9.55
15222,-11,0.23,0.57,-1.00,2.29,5.57,-9.80,-52.12,-9.09
15240,-11,0.22,0.71,-1.08,2.12,6.91,-10.57,-51.23,-8.83
15258,36,0.33,0.58,-1.04,3.27,5.71,-10.18,-50.18,-8.70
15277,-44,0.35,0.58,-1.05,3.41,5.66,-10.33,-48.77,-8.55
15295,-43,0.27,0.60,-1.14,2.64,5.92,-11.14,-47.17,-8.41
15313,53,0.26,0.57,-1.13,2.56,5.55,-11.08,-45.46,-8.48
15332,1,0.40,0.51,-1.13,3.91,4.96,-11.09,-43.56,-8.72
15350,-18,0.39,0.50,-1.14,3.83,4.93,-11.14,-41.52,-8.85
15368,22,0.28,0.52,-1.16,2.78,5.11,-11.35,-39.31,-8.97
15386,4,0.32,0.51,-1.17,3.15,4.96,-11.49,-36.98,-9.19
15405,-55,0.33,0.55,-1.18,3.26,5.37,-11.58,-34.47,-9.39
15423,3,0.34,0.49,-1.16,3.34,4.81,-11.34,-31.90,-9.57
15441,89,0.31,0.47,-1.20,3.06,4.56,-11.77,-29.11,-9.79
15459,-8,0.34,0.54,-1.23,3.33,5.27,-12.08,-26.20,-10.00
15477,-62,0.40,0.47,-1.15,3.95,4.60,-11.30,-23.20,-10.16
15496,-71,0.32,0.47,-1.21,3.14,4.62,-11.86,-19.84,-10.31
15514,26,0.31,0.49,-1.26,3.06,4.83,-12.36,-16.56,-10.57
15533,114,0.43,0.43,-1.22,4.21,4.22,-11.94,-13.10,-10.89
15551,-69,0.39,0.41,-1.20,3.81,4.05,-11.76,-9.66,-11.08
15569,-12,0.28,0.40,-1.24,2.78,3.95,-12.16,-6.16,-11.29
15588,164,0.32,0.33,-1.27,3.13,3.25,-12.42,-2.51,-11.62
15606,-27,0.36,0.28,-1.28,3.52,2.77,-12.58,0.90,-11.99
15625,-163,0.38,0.18,-1.14,3.70,1.74,-11.17,4.38,-12.19
15643,33,0.30,0.17,-1.21,2.93,1.63,-11.90,7.84,-12.37
15661,45,0.26,0.16,-1.21,2.52,1.53,-11.90,11.11,-12.48
15679,-33,0.34,0.10,-1.13,3.29,1.02,-11.06,14.24,-12.67
15697,96,0.34,0.04,-1.04,3.38,0.41,-10.16,17.31,-12.66
15716,-12,0.23,0.05,-1.12,2.25,0.47,-10.95,20.59,-12.62
15734,-172,0.25,-0.11,-1.01,2.46,-1.11,-9.94,23.37,-12.54
15753,5,0.27,-0.06,-1.02,2.67,-0.58,-9.99,26.37,-12.59
15771,95,0.28,-0.10,-0.96,2.70,-0.94,-9.43,28.89,-12.47
15790,-68,0.24,-0.22,-0.81,2.39,-2.16,-7.95,31.43,-12.34
15808,-35,0.17,-0.15,-0.85,1.68,-1.43,-8.37,33.84,-12.22
15826,82,0.17,-0.26,-0.82,1.65,-2.52,-8.00,35.95,-12.16
15844,119,0.24,-0.25,-0.82,2.31,-2.41,-8.08,37.91,-12.13
15862,-16,0.18,-0.39,-0.68,1.78,-3.84,-6.63,39.41,-11.98
15881,-196,0.12,-0.35,-0.69,1.14,-3.45,-6.71,41.13,-11.94
15899,35,0.16,-0.35,-0.63,1.58,-3.46,-6.21,42.39,-11.98
15918,175,0.19,-0.48,-0.56,1.83,-4.74,-5.46,43.54,-12.07
15936,-60,0.15,-0.56,-0.55,1.47,-5.48,-5.39,44.35,-12.07
15954,-12,0.11,-0.56,-0.51,1.12,-5.46,-5.04,44.93,-12.12
15973,-2,0.12,-0.58,-0.45,1.15,-5.72,-4.36,45.30,-12.25
15991,-60,0.15,-0.62,-0.34,1.50,-6.09,-3.37,45.16,-12.39
16010,88,0.12,-0.75,-0.23,1.20,-7.37,-2.27,44.77,-12.46
16028,-11,0.08,-0.71,-0.21,0.75,-6.99,-2.03,44.10,-12.56
16047,-54,0.07,-0.67,-0.20,0.67,-6.56,-1.93,43.25,-12.72
16065,9,0.07,-0.73,-0.09,0.66,-7.18,-0.90,41.89,-12.87
16083,27,0.10,-0.76,-0.05,0.99,-7.40,-0.46,40.38,-13.00
16102,13,0.08,-0.71,-0.10,0.79,-6.96,-0.95,38.76,-13.03
16120,-97,0.04,-0.66,-0.13,0.40,-6.46,-1.27,36.70,-12.89
16139,0,0.07,-0.71,0.01,0.69,-6.97,0.05,34.16,-12.85
16156,117,0.10,-0.75,0.06,0.97,-7.33,0.60,31.62,-12.86
16175,-19,-0.01,-0.63,-0.23,-0.11,-6.18,-2.22,29.14,-12.48
16193,-43,0.03,-0.61,-0.25,0.25,-5.93,-2.43,26.10,-12.03
16211,-17,0.10,-0.74,-0.04,0.98,-7.26,-0.34,22.57,-11.66
16230,-9,0.06,-0.71,-0.17,0.62,-6.99,-1.69,19.19,-11.20
16248,67,0.04,-0.65,-0.30,0.35,-6.35,-2.97,15.81,-10.63
16267,1,0.03,-0.63,-0.38,0.33,-6.21,-3.70,12.26,-9.97
16285,-17,0.05,-0.62,-0.35,0.53,-6.10,-3.44,8.60,-9.47
16304,-13,0.14,-0.70,-0.31,1.41,-6.83,-3.06,4.87,-9.07
16322,-5,0.12,-0.57,-0.59,1.15,-5.56,-5.77,1.66,-8.58
16339,28,-0.02,-0.53,-0.64,-0.15,-5.22,-6.24,-1.60,-7.95
16358,-73,0.08,-0.57,-0.55,0.82,-5.55,-5.43,-5.30,-7.70
16376,-3,0.19,-0.54,-0.58,1.91,-5.34,-5.69,-8.57,-7.81
16395,110,0.19,-0.53,-0.84,1.89,-5.17,-8.20,-11.66,-7.71
16413,-41,0.12,-0.38,-0.95,1.13,-3.77,-9.29,-14.68,-7.53
16432,-81,0.11,-0.49,-0.76,1.06,-4.77,-7.47,-18.09,-7.84
16450,64,0.28,-0.56,-0.73,2.76,-5.52,-7.18,-20.89,-8.44
16468,62,0.28,-0.25,-1.02,2.77,-2.44,-10.02,-23.25,-8.72
16487,-17,0.16,-0.41,-0.99,1.56,-4.00,-9.66,-26.01,-8.88
16505,-47,0.16,-0.27,-0.99,1.57,-2.65,-9.74,-28.55,-9.47
16524,-15,0.34,-0.34,-0.84,3.34,-3.37,-8.20,-31.16,-10.25
16542,6,0.32,-0.18,-0.96,3.17,-1.78,-9.44,-33.12,-10.69
16561,10,0.09,-0.10,-1.18,0.91,-0.95,-11.52,-35.20,-10.92
16579,22,0.19,-0.14,-1.13,1.85,-1.38,-11.05,-37.39,-11.24
16598,-25,0.41,-0.19,-0.92,4.05,-1.85,-8.99,-39.56,-11.69
16616,3,0.32,-0.08,-1.07,3.11,-0.80,-10.50,-41.08,-11.89
16634,-23,0.21,0.05,-1.17,2.03,0.45,-11.51,-42.67,-11.82
16653,11,0.17,0.08,-1.12,1.69,0.77,-11.01,-44.50,-11.96
16671,91,0.38,0.08,-1.06,3.73,0.79,-10.40,-46.12,-12.16
16690,-53,0.38,0.08,-0.99,3.69,0.78,-9.74,-47.64,-12.11
16708,-51,0.18,0.23,-1.13,1.78,2.29,-11.11,-48.71,-11.91
16727,4,0.21,0.24,-1.17,2.02,2.32,-11.42,-50.03,-11.84
16744,-26,0.35,0.37,-1.15,3.39,3.62,-11.26,-51.13,-11.90
16762,50,0.39,0.27,-1.00,3.78,2.64,-9.83,-52.27,-11.68
16781,3,0.29,0.36,-1.01,2.80,3.57,-9.89,-53.06,-11.33
16799,-33,0.13,0.47,-1.20,1.27,4.65,-11.77,-53.69,-11.21
16818,51,0.24,0.45,-1.14,2.39,4.43,-11.21,-54.67,-11.12
16836,-6,0.47,0.46,-0.99,4.56,4.46,-9.68,-55.39,-10.92
16855,-35,0.27,0.48,-1.05,2.63,4.67,-10.34,-55.87,-10.54
16873,43,0.12,0.68,-1.15,1.14,6.62,-11.23,-56.18,-10.34
16891,2,0.33,0.58,-1.04,3.21,5.64,-10.24,-56.52,-10.36
16909,-57,0.41,0.51,-1.01,4.02,5.00,-9.89,-56.63,-10.22
16927,32,0.26,0.65,-1.03,2.51,6.33,-10.11,-56.50,-9.93
16946,27,0.22,0.67,-1.08,2.15,6.60,-10.63,-56.35,-9.87
16964,-28,0.32,0.65,-1.03,3.18,6.33,-10.14,-56.04,-9.92
16983,1,0.43,0.61,-0.95,4.22,5.96,-9.27,-55.52,-9.84
17000,-3,0.27,0.65,-1.03,2.65,6.37,-10.13,-54.64,-9.71
17018,1,0.24,0.65,-1.04,2.39,6.37,-10.14,-53.75,-9.66
17037,10,0.37,0.65,-1.09,3.61,6.38,-10.67,-52.80,-9.73
17055,-12,0.37,0.61,-0.97,3.61,6.02,-9.51,-51.63,-9.67
17074,-28,0.33,0.57,-1.01,3.27,5.59,-9.89,-50.05,-9.69
17091,5,0.31,0.64,-1.14,2.99,6.28,-11.15,-48.33,-9.72
17110,34,0.34,0.61,-1.10,3.37,5.94,-10.79,-46.58,-9.73
17128,-22,0.34,0.53,-1.03,3.33,5.20,-10.13,-44.57,-9.77
17146,-44,0.36,0.59,-1.09,3.48,5.80,-10.69,-42.22,-9.90
17165,50,0.33,0.62,-1.17,3.22,6.12,-11.45,-39.70,-10.02
17183,46,0.33,0.58,-1.11,3.25,5.72,-10.92,-37.10,-10.09
17202,-33,0.35,0.55,-1.14,3.44,5.42,-11.13,-34.20,-10.24
17220,4,0.30,0.56,-1.18,2.97,5.44,-11.58,-31.25,-10.40
17238,4,0.35,0.54,-1.21,3.42,5.31,-11.87,-28.20,-10.63
17256,16,0.39,0.58,-1.20,3.84,5.66,-11.71,-25.08,-10.82
17274,-30,0.33,0.57,-1.19,3.26,5.55,-11.66,-21.90,-10.99
17293,-90,0.30,0.53,-1.18,2.96,5.22,-11.59,-18.43,-11.26
17311,68,0.38,0.52,-1.23,3.72,5.11,-12.05,-14.99,-11.55
17330,80,0.37,0.49,-1.24,3.63,4.81,-12.18,-11.35,-11.78
17348,-2,0.35,0.46,-1.23,3.47,4.47,-12.04,-7.83,-11.98
17367,-14,0.27,0.42,-1.26,2.69,4.14,-12.39,-4.06,-12.27
17385,-84,0.34,0.37,-1.24,3.32,3.67,-12.13,-0.51,-12.57
17403,-9,0.45,0.32,-1.18,4.42,3.18,-11.55,3.04,-12.77
17421,62,0.31,0.24,-1.16,3.08,2.37,-11.33,6.58,-12.87
17439,-22,0.27,0.23,-1.22,2.66,2.24,-11.95,10.07,-12.96
17458,-17,0.33,0.16,-1.20,3.19,1.53,-11.72,13.52,-13.06
17476,25,0.37,0.16,-1.09,3.65,1.59,-10.71,16.64,-12.98
17495,-13,0.34,0.06,-1.00,3.30,0.64,-9.75,19.89,-12.76
17513,-40,0.22,0.03,-1.02,2.18,0.26,-9.97,22.95,-12.59
17530,77,0.28,0.03,-1.10,2.73,0.33,-10.74,25.67,-12.53
17549,29,0.34,-0.07,-0.97,3.31,-0.68,-9.47,28.44,-12.34
17567,-115,0.25,-0.16,-0.88,2.47,-1.56,-8.65,30.96,-12.09
17586,68,0.19,-0.14,-0.93,1.83,-1.36,-9.10,33.63,-11.88
17604,64,0.23,-0.23,-0.86,2.22,-2.29,-8.45,35.79,-11.83
17623,-124,0.28,-0.26,-0.76,2.75,-2.51,-7.48,37.93,-11.82
17641,-3,0.22,-0.28,-0.78,2.13,-2.77,-7.66,39.73,-11.76
17659,120,0.15,-0.37,-0.64,1.51,-3.63,-6.24,41.14,-11.76
17678,9,0.20,-0.37,-0.63,1.96,-3.62,-6.15,42.71,-12.01
17696,-8,0.17,-0.40,-0.56,1.69,-3.96,-5.45,43.72,-12.14
17715,-14,0.07,-0.59,-0.49,0.69,-5.79,-4.78,44.59,-12.29
17733,-126,0.13,-0.38,-0.59,1.31,-3.72,-5.80,45.47,-12.62
17752,13,0.18,-0.54,-0.43,1.76,-5.32,-4.22,45.81,-13.00
17770,150,0.17,-0.54,-0.41,1.69,-5.30,-4.04,45.97,-13.33
17787,-24,0.11,-0.61,-0.33,1.06,-5.95,-3.23,45.67,-13.58
17806,-139,0.05,-0.62,-0.39,0.49,-6.12,-3.78,45.56,-13.85
17825,6,0.11,-0.62,-0.33,1.10,-6.04,-3.28,45.04,-14.16
17843,104,0.14,-0.67,-0.17,1.33,-6.53,-1.63,43.96,-14.41
17861,9,0.08,-0.78,-0.06,0.82,-7.65,-0.60,42.71,-14.62
17880,-46,-0.03,-0.70,-0.33,-0.31,-6.83,-3.28,41.81,-14.71
17898,-9,0.09,-0.69,-0.28,0.88,-6.72,-2.73,40.20,-14.85
17916,13,0.14,-0.77,-0.09,1.42,-7.51,-0.84,38.09,-14.96
17935,20,0.12,-0.88,0.08,1.13,-8.61,0.82,36.00,-15.01
17953,-4,-0.02,-0.80,-0.18,-0.24,-7.84,-1.80,33.95,-14.79
17972,-11,0.03,-0.72,-0.15,0.26,-7.07,-1.46,31.26,-14.55
17990,2,0.09,-0.80,-0.00,0.91,-7.82,-0.02,28.31,-14.37
18009,-26,0.04,-0.76,-0.08,0.40,-7.41,-0.75,25.26,-14.10
18027,3,-0.00,-0.68,-0.26,-0.03,-6.66,-2.54,22.30,-13.66
18045,9,-0.01,-0.71,-0.21,-0.11,-6.98,-2.01,18.88,-13.14
18064,-22,0.05,-0.70,-0.20,0.51,-6.86,-1.97,15.32,-12.70
18082,12,0.07,-0.72,-0.16,0.72,-7.02,-1.60,11.77,-12.25
18101,17,-0.05,-0.53,-0.48,-0.51,-5.18,-4.75,8.70,-11.53
18119,6,0.05,-0.59,-0.48,0.45,-5.75,-4.69,5.25,-10.84
18137,-9,0.10,-0.62,-0.50,1.01,-6.06,-4.85,1.87,-10.36
18155,-3,0.18,-0.59,-0.56,1.77,-5.82,-5.50,-1.46,-9.77
18173,42,0.10,-0.55,-0.70,1.01,-5.40,-6.89,-4.56,-9.02
18192,-9,-0.00,-0.53,-0.75,-0.04,-5.18,-7.39,-7.89,-8.25
18210,-40,0.17,-0.57,-0.70,1.70,-5.57,-6.86,-11.05,-7.89
18229,16,0.24,-0.57,-0.70,2.36,-5.57,-6.86,-14.11,-7.51
18247,-49,0.14,-0.45,-0.92,1.39,-4.45,-9.04,-16.67,-7.07
18266,5,0.08,-0.35,-0.96,0.79,-3.41,-9.44,-19.55,-6.89
18283,93,0.24,-0.58,-0.72,2.39,-5.66,-7.06,-22.30,-7.06
18301,-32,0.33,-0.45,-0.86,3.22,-4.37,-8.45,-24.52,-7.28
18320,-42,0.19,-0.30,-1.05,1.84,-2.93,-10.25,-26.84,-7.29
18338,3,0.10,-0.32,-0.95,1.03,-3.17,-9.34,-29.20,-7.72
18357,21,0.31,-0.34,-0.86,3.03,-3.32,-8.41,-31.47,-8.55
18375,4,0.37,-0.20,-0.96,3.64,-1.98,-9.42,-33.26,-9.07
18394,-25,0.20,-0.07,-1.06,1.97,-0.73,-10.39,-35.11,-9.41
18412,0,0.15,-0.07,-1.07,1.46,-0.73,-10.45,-36.91,-9.89
18430,25,0.35,-0.06,-1.06,3.42,-0.60,-10.34,-38.69,-10.60
18449,11,0.37,-0.14,-0.96,3.67,-1.39,-9.45,-40.44,-11.10
18467,-19,0.25,0.03,-1.06,2.44,0.25,-10.40,-41.70,-11.31
18486,-6,0.12,0.13,-1.14,1.17,1.23,-11.15,-43.15,-11.69
18504,0,0.32,0.15,-1.17,3.12,1.48,-11.43,-44.55,-12.11
18523,-1,0.44,0.05,-0.95,4.31,0.51,-9.34,-46.18,-12.22
18541,29,0.18,0.15,-1.03,1.75,1.45,-10.14,-47.20,-12.13
18558,23,0.13,0.23,-1.21,1.24,2.28,-11.90,-48.13,-12.03
18577,-49,0.37,0.29,-1.18,3.59,2.88,-11.58,-49.58,-11.99
18595,5,0.42,0.24,-0.98,4.12,2.37,-9.56,-50.75,-11.68
18614,39,0.26,0.29,-1.02,2.50,2.81,-10.00,-51.55,-11.24
18632,-75,0.21,0.45,-1.18,2.09,4.38,-11.60,-52.15,-10.97
18651,-11,0.32,0.43,-1.17,3.17,4.22,-11.51,-53.07,-10.76
18669,48,0.41,0.45,-0.99,4.00,4.43,-9.68,-53.75,-10.40
18688,-8,0.27,0.45,-1.05,2.68,4.38,-10.31,-54.17,-9.93
18706,3,0.24,0.56,-1.09,2.31,5.53,-10.70,-54.46,-9.56
18723,9,0.32,0.58,-1.10,3.15,5.69,-10.80,-54.66,-9.46
18742,2,0.34,0.59,-1.01,3.34,5.77,-9.90,-54.97,-9.23
18760,13,0.32,0.57,-1.02,3.11,5.59,-9.95,-54.90,-9.00
18778,2,0.21,0.64,-1.09,2.05,6.24,-10.69,-54.69,-8.90
18796,-33,0.34,0.60,-1.07,3.29,5.89,-10.53,-54.35,-9.00
18814,-3,0.37,0.56,-1.02,3.63,5.47,-9.98,-53.76,-9.07
18833,9,0.31,0.59,-1.09,3.06,5.76,-10.71,-52.96,-9.13
18851,3,0.29,0.62,-1.09,2.87,6.04,-10.72,-52.01,-9.29
18869,-5,0.40,0.53,-1.11,3.94,5.20,-10.85,-50.90,-9.59
18887,-57,0.42,0.53,-1.11,4.16,5.23,-10.84,-49.67,-9.80
18906,40,0.36,0.51,-1.11,3.48,4.96,-10.87,-48.25,-10.08
18924,106,0.41,0.48,-1.08,4.03,4.67,-10.56,-46.52,-10.45
18942,-73,0.42,0.55,-1.19,4.14,5.39,-11.62,-44.54,-10.71
18961,-78,0.36,0.51,-1.15,3.51,5.04,-11.25,-42.48,-10.86
18979,66,0.31,0.56,-1.18,3.03,5.47,-11.58,-40.26,-11.20
18998,27,0.40,0.48,-1.14,3.88,4.73,-11.21,-37.82,-11.58
19016,-26,0.38,0.51,-1.19,3.71,4.95,-11.62,-35.16,-11.86
19035,-5,0.28,0.58,-1.23,2.78,5.65,-12.01,-32.27,-12.11
19053,16,0.30,0.51,-1.18,2.91,5.04,-11.57,-29.39,-12.45
19072,2,0.40,0.46,-1.18,3.93,4.55,-11.54,-26.22,-12.85
19089,-27,0.35,0.49,-1.21,3.45,4.83,-11.87,-23.15,-13.08
19107,40,0.28,0.49,-1.23,2.78,4.77,-12.05,-19.89,-13.30
19126,30,0.33,0.47,-1.29,3.27,4.63,-12.65,-16.51,-13.57
19144,-67,0.39,0.42,-1.17,3.86,4.12,-11.45,-13.26,-13.71
19163,-11,0.36,0.35,-1.21,3.49,3.44,-11.82,-9.66,-13.82
19181,43,0.29,0.43,-1.20,2.80,4.26,-11.77,-6.19,-13.83
19200,-73,0.36,0.31,-1.21,3.54,3.09,-11.84,-2.63,-13.91
19218,4,0.26,0.37,-1.20,2.59,3.66,-11.73,0.65,-13.91
19235,107,0.33,0.19,-1.08,3.21,1.83,-10.54,3.69,-13.89
19254,-55,0.28,0.21,-1.13,2.77,2.09,-11.08,7.22,-13.86
19272,-40,0.22,0.21,-1.19,2.17,2.02,-11.69,10.34,-13.84
19291,26,0.29,0.12,-1.06,2.89,1.16,-10.38,13.41,-13.86
19309,-26,0.30,0.02,-1.03,2.95,0.19,-10.05,16.33,-13.86
19328,-81,0.20,0.09,-1.08,1.93,0.91,-10.58,19.36,-13.82
19346,150,0.22,-0.01,-1.03,2.12,-0.11,-10.06,22.00,-13.96
19364,185,0.28,-0.05,-1.02,2.76,-0.54,-9.98,24.58,-14.14
19383,-163,0.25,-0.17,-0.94,2.44,-1.62,-9.23,27.07,-14.21
19401,-166,0.18,-0.20,-0.90,1.72,-1.95,-8.86,29.38,-14.20
19420,92,0.19,-0.27,-0.92,1.88,-2.65,-8.98,31.74,-14.31
19438,132,0.20,-0.27,-1.00,2.00,-2.69,-9.82,33.77,-14.53
19457,-61,0.28,-0.44,-0.69,2.73,-4.34,-6.74,35.46,-14.59
19475,-40,0.20,-0.43,-0.72,1.96,-4.25,-7.10,37.30,-14.65
19493,-16,0.14,-0.48,-0.72,1.38,-4.69,-7.07,38.82,-14.59
19512,-56,0.18,-0.51,-0.64,1.78,-5.00,-6.24,40.29,-14.66
19530,-5,0.17,-0.48,-0.63,1.62,-4.69,-6.18,41.42,-14.76
19548,42,0.13,-0.51,-0.53,1.28,-4.97,-5.16,42.16,-14.74
19566,-47,0.15,-0.52,-0.50,1.50,-5.14,-4.88,42.80,-14.70
19585,6,0.07,-0.54,-0.50,0.72,-5.29,-4.90,43.29,-14.58
19603,142,0.08,-0.64,-0.39,0.76,-6.31,-3.81,43.29,-14.51
19621,-68,0.10,-0.58,-0.38,1.01,-5.64,-3.73,43.26,-14.52
19640,-22,0.06,-0.61,-0.34,0.63,-5.98,-3.33,42.98,-14.41
19658,27,0.04,-0.69,-0.29,0.39,-6.78,-2.84,42.35,-14.34
19677,-12,0.08,-0.66,-0.28,0.78,-6.49,-2.71,41.58,-14.39
19695,72,0.10,-0.72,-0.20,1.01,-7.03,-1.95,40.44,-14.45
19714,-23,0.09,-0.70,-0.16,0.92,-6.85,-1.60,39.07,-14.52
19732,-56,0.04,-0.76,-0.13,0.43,-7.47,-1.24,37.40,-14.49
19750,7,0.06,-0.70,-0.16,0.57,-6.89,-1.54,35.51,-14.54
19769,0,0.08,-0.77,-0.08,0.80,-7.50,-0.77,33.31,-14.61
19787,-48,0.08,-0.77,-0.01,0.79,-7.54,-0.11,30.89,-14.64
19806,10,0.05,-0.72,-0.07,0.47,-7.08,-0.68,28.34,-14.59
19823,39,0.00,-0.68,-0.15,0.03,-6.64,-1.50,25.67,-14.43
19842,-15,0.06,-0.73,-0.14,0.60,-7.11,-1.33,22.61,-14.33
19860,-3,0.08,-0.74,-0.09,0.80,-7.30,-0.91,19.39,-14.17
19878,38,0.05,-0.71,-0.18,0.49,-6.98,-1.76,16.21,-13.87
19897,0,-0.02,-0.67,-0.27,-0.15,-6.52,-2.65,12.78,-13.36
19915,-14,0.06,-0.66,-0.28,0.61,-6.47,-2.77,9.26,-12.93
19934,33,0.08,-0.67,-0.35,0.81,-6.58,-3.39,5.58,-12.48
19952,-29,0.10,-0.64,-0.42,0.97,-6.29,-4.15,2.01,-11.89
19971,-23,0.05,-0.61,-0.50,0.52,-5.94,-4.91,-1.65,-11.26
19989,30,0.02,-0.52,-0.59,0.19,-5.12,-5.78,-5.17,-10.70
20007,-11,0.13,-0.60,-0.57,1.30,-5.93,-5.59,-8.70,-10.31
20026,-44,0.14,-0.60,-0.66,1.35,-5.85,-6.51,-12.04,-9.93
20044,-64,0.05,-0.46,-0.78,0.49,-4.54,-7.65,-14.98,-9.56
20063,70,0.09,-0.46,-0.84,0.84,-4.50,-8.24,-18.03,-9.57
20081,129,0.27,-0.49,-0.87,2.64,-4.84,-8.48,-20.86,-9.75
20100,-58,0.27,-0.40,-0.97,2.66,-3.89,-9.49,-23.54,-9.68
20118,-12,0.04,-0.44,-0.98,0.41,-4.34,-9.63,-26.06,-9.62
20135,20,0.12,-0.41,-0.93,1.19,-4.01,-9.08,-28.33,-9.86
20154,-73,0.32,-0.35,-1.06,3.15,-3.38,-10.42,-30.53,-10.47
20173,9,0.29,-0.30,-1.11,2.81,-2.95,-10.93,-32.77,-10.73
20192,23,0.18,-0.29,-0.99,1.75,-2.83,-9.74,-34.77,-10.98
20210,-36,0.16,-0.19,-1.07,1.54,-1.89,-10.46,-36.34,-11.47
20229,6,0.28,-0.20,-1.03,2.75,-1.97,-10.13,-38.10,-12.10
20247,46,0.32,-0.22,-1.09,3.11,-2.19,-10.70,-39.54,-12.51
20265,-3,0.22,-0.09,-1.17,2.19,-0.86,-11.44,-40.91,-12.62
20284,-31,0.17,-0.09,-1.06,1.65,-0.85,-10.43,-42.44,-12.89
20302,1,0.22,-0.06,-1.07,2.14,-0.64,-10.48,-43.67,-13.36
20321,15,0.32,-0.01,-1.07,3.13,-0.08,-10.48,-44.85,-13.55
20339,10,0.23,0.02,-1.12,2.21,0.18,-10.95,-45.75,-13.31
20358,-3,0.08,0.05,-1.22,0.78,0.48,-11.91,-46.86,-12.97
20376,-22,0.30,0.06,-1.00,2.90,0.57,-9.80,-47.98,-12.90
20395,25,0.41,0.08,-0.98,4.01,0.83,-9.61,-48.81,-12.75
20413,-18,0.25,0.13,-1.12,2.47,1.24,-10.93,-49.53,-12.16
20431,-4,0.11,0.24,-1.15,1.06,2.31,-11.28,-50.34,-11.62
20449,56,0.24,0.21,-1.03,2.34,2.02,-10.08,-51.23,-11.35
20467,-49,0.41,0.29,-0.95,3.99,2.87,-9.31,-51.80,-11.10
20486,-29,0.33,0.33,-1.07,3.22,3.25,-10.47,-52.22,-10.48
20504,-13,0.10,0.41,-1.12,0.95,4.05,-10.97,-52.64,-9.78
20523,-11,0.19,0.44,-1.06,1.85,4.30,-10.42,-53.23,-9.49
20541,57,0.41,0.37,-0.93,3.97,3.59,-9.07,-53.61,-9.39
20559,24,0.34,0.49,-1.02,3.35,4.81,-9.96,-53.73,-9.08
20578,-5,0.14,0.54,-1.08,1.33,5.26,-10.57,-54.01,-8.70
20595,-3,0.17,0.54,-1.01,1.70,5.25,-9.88,-54.15,-8.66
20614,-8,0.37,0.51,-0.91,3.61,4.95,-8.95,-54.36,-8.78
20632,1,0.34,0.56,-0.98,3.34,5.50,-9.57,-54.30,-8.64
20651,-33,0.17,0.61,-1.03,1.62,5.99,-10.05,-54.34,-8.39
20668,1,0.23,0.60,-1.05,2.29,5.85,-10.30,-54.30,-8.44
20686,76,0.44,0.61,-0.92,4.29,5.95,-9.06,-54.31,-8.53
20705,-24,0.38,0.57,-0.88,3.77,5.61,-8.66,-54.03,-8.47
20723,-63,0.30,0.66,-0.99,2.93,6.43,-9.67,-53.32,-8.33
20742,20,0.26,0.75,-1.14,2.59,7.30,-11.16,-52.76,-8.25
20759,23,0.33,0.66,-0.96,3.28,6.47,-9.44,-52.06,-8.16
20777,-42,0.41,0.62,-0.93,3.98,6.10,-9.09,-50.94,-8.12
20796,9,0.28,0.68,-1.08,2.71,6.65,-10.60,-49.53,-8.07
20814,77,0.33,0.65,-1.09,3.22,6.37,-10.67,-48.04,-8.05
20832,-30,0.39,0.58,-1.04,3.85,5.70,-10.18,-46.33,-8.08
20850,-67,0.35,0.58,-1.10,3.39,5.64,-10.77,-44.38,-8.11
20869,29,0.31,0.60,-1.16,3.03,5.90,-11.35,-42.36,-8.19
20887,49,0.34,0.55,-1.09,3.35,5.35,-10.73,-40.27,-8.41
20905,-21,0.41,0.51,-1.07,4.03,4.97,-10.50,-37.99,-8.76
20924,-44,0.35,0.56,-1.10,3.41,5.47,-10.79,-35.48,-9.03
20942,4,0.32,0.57,-1.09,3.16,5.57,-10.70,-32.86,-9.40
20960,86,0.35,0.56,-1.10,3.42,5.51,-10.83,-30.09,-9.89
20978,-11,0.36,0.59,-1.15,3.53,5.80,-11.23,-27.20,-10.41
20997,-109,0.35,0.55,-1.09,3.42,5.42,-10.65,-24.11,-10.97
21015,1,0.37,0.56,-1.13,3.60,5.50,-11.05,-20.95,-11.57
21033,39,0.37,0.59,-1.22,3.62,5.76,-12.00,-17.77,-12.14
21052,40,0.37,0.53,-1.18,3.59,5.22,-11.61,-14.53,-12.63
21070,-39,0.36,0.46,-1.14,3.57,4.54,-11.22,-11.30,-13.11
21089,-25,0.33,0.50,-1.22,3.28,4.90,-11.97,-7.79,-13.62
21107,106,0.35,0.50,-1.22,3.43,4.88,-11.98,-4.41,-14.00
21126,-68,0.37,0.38,-1.18,3.59,3.69,-11.52,-0.79,-14.32
21144,-40,0.31,0.38,-1.20,3.01,3.73,-11.75,2.76,-14.54
21161,126,0.32,0.30,-1.26,3.15,2.96,-12.37,6.02,-14.83
21180,-89,0.36,0.24,-1.17,3.49,2.35,-11.43,9.55,-14.98
21198,9,0.31,0.21,-1.17,3.01,2.07,-11.44,12.88,-15.03
21217,192,0.23,0.11,-1.15,2.28,1.06,-11.30,16.26,-15.07
21235,-142,0.28,0.05,-1.10,2.76,0.48,-10.78,19.37,-15.13
21254,-161,0.30,-0.00,-1.03,2.96,-0.01,-10.05,22.58,-15.12
21272,86,0.25,0.00,-0.96,2.45,0.01,-9.44,25.50,-15.00
21291,20,0.20,-0.11,-0.90,1.96,-1.12,-8.83,28.39,-14.86
21308,-26,0.23,-0.08,-0.97,2.24,-0.76,-9.48,30.80,-14.78
21326,26,0.24,-0.05,-0.93,2.37,-0.46,-9.16,32.92,-14.51
21345,-1,0.18,-0.19,-0.78,1.77,-1.89,-7.64,34.80,-14.17
21363,-14,0.16,-0.24,-0.80,1.59,-2.34,-7.88,36.42,-13.93
21382,29,0.18,-0.22,-0.85,1.76,-2.19,-8.36,38.05,-13.75
21400,-14,0.10,-0.32,-0.75,1.01,-3.12,-7.30,39.20,-13.56
21419,-5,0.15,-0.36,-0.73,1.44,-3.54,-7.15,40.43,-13.55
21437,46,0.21,-0.43,-0.71,2.01,-4.23,-6.95,41.42,-13.60
21455,-19,0.11,-0.52,-0.76,1.07,-5.07,-7.49,42.36,-13.66
21474,7,0.07,-0.46,-0.75,0.66,-4.54,-7.36,43.25,-13.87
21492,4,0.20,-0.62,-0.61,1.98,-6.08,-5.98,43.66,-14.27
21510,-42,0.22,-0.67,-0.48,2.15,-6.60,-4.67,44.01,-14.59
21528,-31,0.10,-0.70,-0.59,1.01,-6.86,-5.79,44.54,-14.81
21547,-2,0.05,-0.61,-0.55,0.47,-5.95,-5.42,44.91,-15.08
21565,82,0.16,-0.71,-0.39,1.61,-6.99,-3.87,44.80,-15.53
21583,-10,0.14,-0.72,-0.33,1.36,-7.02,-3.22,44.53,-15.91
21602,-68,0.06,-0.76,-0.28,0.64,-7.47,-2.78,44.18,-16.18
21620,-10,0.05,-0.65,-0.36,0.53,-6.39,-3.49,43.65,-16.37
21639,1,0.11,-0.67,-0.28,1.08,-6.60,-2.70,42.60,-16.53
21657,108,0.09,-0.76,-0.10,0.84,-7.49,-0.94,40.99,-16.56
21676,38,0.04,-0.78,-0.16,0.44,-7.64,-1.60,39.47,-16.46
21694,-78,0.02,-0.67,-0.25,0.23,-6.60,-2.49,37.64,-16.24
21712,-16,0.06,-0.78,-0.10,0.56,-7.62,-0.99,35.30,-16.03
21731,-2,0.06,-0.81,-0.01,0.55,-7.97,-0.10,32.85,-15.80
21749,0,-0.02,-0.76,-0.25,-0.16,-7.42,-2.43,30.63,-15.36
21768,2,-0.02,-0.69,-0.28,-0.19,-6.75,-2.73,27.92,-14.78
21786,-36,0.06,-0.78,-0.15,0.61,-7.61,-1.48,24.90,-14.36
21805,4,0.03,-0.78,-0.13,0.30,-7.61,-1.29,21.75,-13.85
21823,63,0.00,-0.71,-0.28,0.05,-7.01,-2.76,18.91,-13.26
21840,7,-0.01,-0.67,-0.37,-0.15,-6.58,-3.64,15.95,-12.56
21859,-24,0.01,-0.72,-0.32,0.14,-7.05,-3.11,12.57,-11.86
21877,-5,0.05,-0.73,-0.34,0.48,-7.13,-3.37,9.30,-11.20
21896,-4,0.01,-0.66,-0.43,0.13,-6.43,-4.25,6.05,-10.47
21914,0,0.03,-0.60,-0.54,0.28,-5.86,-5.33,2.87,-9.72
21933,3,0.03,-0.64,-0.54,0.28,-6.28,-5.30,-0.57,-9.01
21951,-10,0.08,-0.67,-0.53,0.81,-6.54,-5.23,-3.85,-8.42
21968,-24,0.09,-0.59,-0.63,0.92,-5.80,-6.21,-6.69,-7.98
21987,8,0.07,-0.55,-0.74,0.70,-5.39,-7.24,-9.71,-7.48
22005,21,0.07,-0.51,-0.76,0.72,-4.99,-7.49,-12.61,-7.24
22024,6,0.22,-0.48,-0.76,2.18,-4.69,-7.43,-15.59,-7.24
22042,11,0.22,-0.54,-0.75,2.15,-5.33,-7.35,-18.26,-7.14
22061,-14,0.08,-0.43,-0.88,0.75,-4.19,-8.58,-20.78,-6.94
22079,-24,0.13,-0.38,-0.97,1.23,-3.75,-9.52,-23.20,-7.09
22097,20,0.25,-0.43,-0.87,2.50,-4.17,-8.50,-25.83,-7.41
22115,17,0.30,-0.34,-0.96,2.92,-3.29,-9.41,-28.06,-7.68
22133,-23,0.19,-0.26,-1.06,1.83,-2.57,-10.39,-30.26,-7.79
22152,-12,0.14,-0.31,-0.97,1.37,-3.01,-9.52,-32.67,-8.05
22170,38,0.25,-0.30,-0.93,2.44,-2.98,-9.16,-34.72,-8.61
22189,35,0.37,-0.24,-1.01,3.65,-2.31,-9.88,-36.61,-9.02
22207,-46,0.20,-0.18,-1.11,1.99,-1.79,-10.91,-38.27,-9.13
22225,-30,0.13,-0.09,-1.11,1.30,-0.87,-10.91,-39.97,-9.38
22244,22,0.36,-0.14,-0.94,3.55,-1.34,-9.22,-41.79,-9.90
22262,10,0.41,-0.03,-1.04,3.99,-0.33,-10.16,-43.04,-10.11
22281,2,0.13,0.09,-1.21,1.30,0.92,-11.87,-44.42,-10.09
22299,-10,0.18,0.02,-1.03,1.74,0.22,-10.06,-45.77,-10.08
22318,0,0.30,0.11,-1.05,2.95,1.12,-10.33,-46.87,-10.29
22336,6,0.35,0.16,-1.08,3.40,1.61,-10.56,-47.79,-10.19
22354,-26,0.14,0.28,-1.15,1.34,2.77,-11.23,-48.64,-9.96
22373,22,0.11,0.34,-1.19,1.06,3.36,-11.67,-49.73,-9.89
22391,4,0.34,0.29,-1.04,3.30,2.88,-10.15,-50.73,-9.92
22409,-50,0.32,0.26,-0.94,3.18,2.58,-9.17,-51.37,-9.83
22427,55,0.18,0.38,-1.09,1.75,3.74,-10.71,-51.72,-9.63
22446,33,0.19,0.38,-1.14,1.89,3.75,-11.16,-52.39,-9.53
22464,-70,0.32,0.37,-1.06,3.18,3.62,-10.35,-53.06,-9.53
22482,4,0.43,0.39,-0.98,4.18,3.79,-9.62,-53.60,-9.40
22500,64,0.31,0.47,-1.05,3.07,4.61,-10.32,-53.98,-9.10
22518,-10,0.20,0.52,-1.01,1.96,5.12,-9.88,-54.31,-8.78
22537,-17,0.26,0.52,-1.04,2.53,5.14,-10.19,-54.68,-8.63
22555,-3,0.38,0.59,-1.00,3.68,5.75,-9.85,-54.87,-8.33
22574,-31,0.34,0.52,-0.95,3.31,5.06,-9.28,-54.90,-7.85
22591,20,0.25,0.64,-1.06,2.46,6.28,-10.43,-54.56,-7.48
22609,8,0.27,0.71,-1.10,2.63,6.93,-10.75,-54.41,-7.24
22628,-45,0.35,0.59,-0.94,3.45,5.75,-9.23,-54.26,-6.95
22646,-31,0.39,0.56,-0.92,3.84,5.45,-9.02,-53.58,-6.72
22665,35,0.25,0.67,-1.17,2.46,6.61,-11.48,-52.81,-6.49
22682,62,0.23,0.69,-1.10,2.25,6.81,-10.76,-52.11,-6.33
22701,-14,0.37,0.61,-0.94,3.61,6.02,-9.18,-51.22,-6.36
22719,-26,0.38,0.61,-0.99,3.75,5.95,-9.75,-49.83,-6.46
22737,15,0.25,0.68,-1.15,2.50,6.62,-11.29,-48.27,-6.56
22756,-2,0.28,0.61,-1.08,2.77,5.99,-10.58,-46.69,-6.73
22774,-7,0.37,0.57,-1.06,3.66,5.56,-10.36,-44.81,-7.10
22792,56,0.37,0.58,-1.12,3.58,5.64,-11.02,-42.73,-7.45
22810,4,0.33,0.54,-1.11,3.24,5.29,-10.84,-40.57,-7.82
22829,-89,0.33,0.55,-1.13,3.22,5.35,-11.12,-38.22,-8.35
22847,-6,0.35,0.57,-1.10,3.48,5.59,-10.78,-35.81,-8.89
22865,16,0.38,0.53,-1.07,3.70,5.17,-10.48,-33.20,-9.41
22883,22,0.31,0.57,-1.14,3.04,5.54,-11.22,-30.38,-9.94
22901,80,0.32,0.58,-1.14,3.11,5.64,-11.13,-27.49,-10.44
22920,-39,0.35,0.55,-1.14,3.43,5.36,-11.19,-24.43,-10.97
22938,-86,0.33,0.53,-1.13,3.23,5.17,-11.10,-21.40,-11.41
22957,1,0.29,0.55,-1.19,2.84,5.39,-11.62,-18.20,-11.86
22975,39,0.29,0.55,-1.17,2.84,5.35,-11.46,-15.17,-12.29
22993,28,0.35,0.51,-1.12,3.43,4.97,-11.00,-12.07,-12.72
23012,-20,0.29,0.45,-1.14,2.88,4.45,-11.15,-8.68,-13.07
23030,2,0.25,0.46,-1.20,2.46,4.51,-11.74,-5.42,-13.35
23048,18,0.23,0.43,-1.20,2.28,4.22,-11.75,-2.23,-13.68
23066,-72,0.27,0.35,-1.10,2.68,3.38,-10.78,0.96,-14.02
23085,-66,0.29,0.31,-1.14,2.83,3.05,-11.15,4.38,-14.36
23103,73,0.19,0.35,-1.21,1.91,3.39,-11.84,7.54,-14.62
23121,120,0.21,0.19,-1.16,2.05,1.82,-11.34,10.54,-14.88
23140,-53,0.24,0.16,-1.12,2.33,1.57,-10.95,13.71,-15.23
23157,-74,0.22,0.14,-1.12,2.18,1.41,-10.96,16.47,-15.52
23176,38,0.16,0.04,-1.08,1.52,0.40,-10.59,19.48,-15.73
23194,-21,0.14,0.07,-1.12,1.38,0.66,-10.97,22.27,-16.06
23213,34,0.22,-0.05,-1.02,2.12,-0.47,-10.00,24.97,-16.40
23231,46,0.23,-0.10,-0.94,2.29,-0.96,-9.16,27.51,-16.69
23249,-23,0.17,-0.19,-0.97,1.66,-1.83,-9.48,29.96,-16.88
23268,54,0.14,-0.19,-0.94,1.35,-1.85,-9.24,32.41,-17.04
23286,28,0.12,-0.21,-0.89,1.13,-2.03,-8.77,34.42,-17.23
23305,-83,0.16,-0.35,-0.75,1.61,-3.44,-7.31,36.22,-17.40
23323,-98,0.17,-0.37,-0.75,1.65,-3.63,-7.40,37.90,-17.43
23342,-17,0.11,-0.32,-0.80,1.12,-3.17,-7.83,39.57,-17.37
23360,101,0.07,-0.38,-0.69,0.70,-3.72,-6.74,40.71,-17.26
23378,75,0.12,-0.41,-0.68,1.22,-4.03,-6.71,41.70,-17.28
23397,-57,0.14,-0.45,-0.66,1.34,-4.42,-6.47,42.59,-17.19
23415,-68,0.08,-0.52,-0.65,0.75,-5.09,-6.40,43.17,-16.98
23434,18,0.04,-0.52,-0.66,0.38,-5.06,-6.43,43.74,-16.84
23451,61,0.13,-0.47,-0.62,1.28,-4.61,-6.07,43.86,-16.80
23470,-32,0.12,-0.64,-0.52,1.23,-6.30,-5.09,43.92,-16.68
23488,-82,0.05,-0.63,-0.58,0.51,-6.21,-5.71,43.92,-16.50
23506,89,0.06,-0.68,-0.50,0.56,-6.64,-4.92,43.62,-16.35
23525,73,0.13,-0.69,-0.45,1.25,-6.72,-4.45,43.30,-16.36
23543,-97,0.11,-0.69,-0.37,1.12,-6.72,-3.65,42.59,-16.25
23562,-6,0.04,-0.72,-0.34,0.39,-7.09,-3.37,41.82,-16.08
23580,23,0.07,-0.74,-0.33,0.64,-7.24,-3.28,40.77,-15.95
23599,-35,0.11,-0.75,-0.30,1.09,-7.31,-2.95,39.54,-15.87
23617,-33,0.11,-0.75,-0.24,1.10,-7.34,-2.34,37.97,-15.74
23635,9,0.09,-0.81,-0.17,0.93,-7.92,-1.63,36.14,-15.50
23654,75,0.03,-0.73,-0.29,0.29,-7.18,-2.84,34.38,-15.20
23672,2,0.06,-0.74,-0.25,0.62,-7.24,-2.43,32.15,-14.88
23690,-17,0.12,-0.82,-0.09,1.13,-8.01,-0.87,29.68,-14.61
23708,6,0.07,-0.77,-0.18,0.73,-7.50,-1.80,27.35,-14.21
23727,-32,-0.01,-0.66,-0.39,-0.13,-6.46,-3.78,24.98,-13.60
23745,18,0.04,-0.73,-0.30,0.44,-7.14,-2.92,22.12,-13.09
23763,31,0.10,-0.75,-0.24,0.99,-7.40,-2.32,19.16,-12.60
23782,-45,0.04,-0.74,-0.30,0.38,-7.25,-2.97,16.25,-11.95
23800,-25,0.00,-0.63,-0.41,0.05,-6.19,-4.02,13.39,-11.19
23819,29,0.05,-0.67,-0.40,0.47,-6.59,-3.97,10.20,-10.51
23837,24,0.10,-0.68,-0.40,0.97,-6.62,-3.92,7.05,-9.95
23856,2,0.09,-0.70,-0.49,0.89,-6.88,-4.79,3.95,-9.33
23874,-8,0.05,-0.59,-0.61,0.52,-5.82,-6.00,1.02,-8.63
23891,19,0.06,-0.65,-0.57,0.55,-6.34,-5.56,-2.01,-8.12
23910,0,0.13,-0.54,-0.60,1.25,-5.33,-5.88,-5.10,-7.82
23928,-46,0.14,-0.56,-0.69,1.34,-5.50,-6.80,-7.85,-7.44
23947,-15,0.08,-0.53,-0.77,0.78,-5.23,-7.52,-10.69,-6.94
23965,14,0.08,-0.47,-0.78,0.77,-4.62,-7.62,-13.31,-6.82
23984,12,0.18,-0.47,-0.81,1.81,-4.58,-7.92,-15.95,-6.97
24001,-18,0.23,-0.41,-0.88,2.25,-4.03,-8.58,-18.24,-6.91
24019,13,0.11,-0.41,-0.86,1.12,-4.00,-8.40,-20.54,-6.77
24038,19,0.10,-0.32,-0.94,1.01,-3.09,-9.21,-22.77,-6.95
24056,-18,0.24,-0.34,-0.87,2.33,-3.37,-8.50,-25.02,-7.30
24075,-13,0.28,-0.30,-0.92,2.71,-2.91,-9.04,-27.08,-7.56
24093,0,0.18,-0.20,-1.09,1.74,-1.98,-10.69,-28.97,-7.65
24112,73,0.16,-0.32,-0.97,1.52,-3.15,-9.47,-31.18,-7.85
24130,-21,0.24,-0.20,-0.93,2.34,-1.98,-9.12,-32.96,-8.31
24148,-62,0.32,-0.11,-1.04,3.12,-1.08,-10.18,-34.52,-8.66
24167,65,0.23,-0.12,-1.06,2.21,-1.18,-10.38,-36.20,-8.63
24185,-12,0.17,-0.11,-1.02,1.63,-1.05,-10.04,-37.73,-8.69
24204,-29,0.23,-0.01,-1.10,2.22,-0.07,-10.80,-39.25,-9.11
24222,44,0.37,0.03,-1.10,3.58,0.27,-10.74,-40.64,-9.41
24241,-29,0.31,-0.06,-0.98,3.00,-0.61,-9.58,-41.94,-9.35
24259,-26,0.18,0.07,-1.14,1.74,0.66,-11.18,-42.79,-9.28
24278,34,0.23,0.15,-1.14,2.23,1.42,-11.21,-43.96,-9.40
24296,15,0.37,0.14,-1.10,3.67,1.40,-10.80,-45.02,-9.58
24314,-14,0.39,0.15,-1.05,3.85,1.46,-10.25,-45.96,-9.46
24332,-29,0.24,0.19,-1.06,2.37,1.90,-10.34,-46.71,-9.18
24350,-6,0.15,0.27,-1.13,1.44,2.68,-11.10,-47.46,-9.09
24369,31,0.30,0.32,-1.18,2.90,3.10,-11.53,-48.42,-9.14
24387,21,0.41,0.31,-1.01,3.98,3.06,-9.92,-49.15,-8.99
24406,-19,0.22,0.36,-1.03,2.15,3.50,-10.09,-49.52,-8.64
24424,12,0.19,0.43,-1.14,1.82,4.24,-11.21,-49.74,-8.41
24441,17,0.30,0.42,-1.14,2.91,4.10,-11.18,-50.02,-8.41
24460,-54,0.32,0.39,-1.05,3.17,3.82,-10.30,-50.45,-8.33
24478,-20,0.40,0.42,-0.97,3.90,4.07,-9.53,-50.57,-8.21
24497,53,0.29,0.46,-1.08,2.82,4.55,-10.60,-50.62,-8.06
24515,32,0.23,0.53,-1.09,2.26,5.19,-10.72,-50.73,-7.89
24534,-56,0.37,0.51,-0.99,3.64,4.96,-9.67,-50.91,-7.80
24552,-19,0.40,0.51,-0.92,3.96,5.02,-9.05,-50.79,-7.63
24569,26,0.26,0.56,-1.03,2.52,5.50,-10.10,-50.42,-7.40
24588,-23,0.27,0.68,-1.05,2.69,6.69,-10.30,-50.26,-7.21
24606,15,0.38,0.58,-0.95,3.77,5.72,-9.27,-49.91,-7.07
24625,-10,0.32,0.63,-0.98,3.16,6.14,-9.60,-49.31,-6.84
24643,-5,0.28,0.68,-1.05,2.70,6.66,-10.29,-48.56,-6.64
24660,28,0.31,0.67,-1.02,3.03,6.52,-9.98,-47.63,-6.58
24679,-36,0.33,0.63,-1.01,3.26,6.18,-9.89,-46.51,-6.62
24697,-7,0.34,0.66,-1.04,3.34,6.47,-10.24,-45.09,-6.65
24716,47,0.28,0.64,-1.10,2.76,6.23,-10.82,-43.53,-6.73
24734,16,0.33,0.56,-1.06,3.19,5.49,-10.41,-41.77,-6.98
24752,-29,0.43,0.53,-1.05,4.21,5.23,-10.27,-39.76,-7.35
24770,-21,0.40,0.51,-1.12,3.95,4.96,-11.01,-37.60,-7.65
24788,30,0.32,0.49,-1.13,3.17,4.84,-11.07,-35.37,-7.93
24807,43,0.34,0.51,-1.16,3.33,4.96,-11.34,-33.07,-8.30
24825,-45,0.41,0.49,-1.05,3.97,4.79,-10.31,-30.79,-8.66
24844,39,0.43,0.48,-1.09,4.22,4.72,-10.68,-28.22,-9.01
24862,64,0.31,0.52,-1.15,2.99,5.14,-11.24,-25.61,-9.26
24880,-133,0.33,0.53,-1.14,3.22,5.16,-11.21,-22.92,-9.55
24898,-30,0.37,0.53,-1.14,3.68,5.20,-11.13,-20.14,-9.85
24916,74,0.33,0.49,-1.13,3.28,4.85,-11.04,-17.26,-10.09
24935,-25,0.36,0.48,-1.17,3.50,4.72,-11.44,-14.10,-10.39
24953,-118,0.35,0.52,-1.22,3.39,5.10,-12.00,-11.04,-10.68
24972,-42,0.34,0.49,-1.17,3.32,4.83,-11.44,-7.88,-10.98
24990,287,0.35,0.44,-1.16,3.38,4.31,-11.36,-4.67,-11.30
25009,135,0.27,0.38,-1.23,2.68,3.68,-12.10,-1.22,-11.60
25027,-293,0.26,0.30,-1.27,2.57,2.98,-12.47,2.00,-11.91
25046,-85,0.30,0.30,-1.21,2.93,2.97,-11.85,5.28,-12.31
25064,158,0.35,0.21,-1.13,3.46,2.06,-11.03,8.39,-12.65
25081,110,0.27,0.12,-1.17,2.61,1.22,-11.46,11.39,-12.90
25100,-45,0.24,0.10,-1.19,2.36,0.98,-11.65,14.61,-13.16
25118,-169,0.31,0.02,-1.09,3.06,0.16,-10.64,17.46,-13.48
25137,34,0.32,-0.05,-0.99,3.18,-0.49,-9.72,20.40,-13.70
25155,103,0.22,0.02,-1.16,2.12,0.21,-11.37,23.19,-13.85
25174,-42,0.20,-0.11,-1.05,1.98,-1.07,-10.25,25.70,-13.87
25192,-22,0.25,-0.17,-0.97,2.46,-1.67,-9.51,28.04,-14.06
25210,-13,0.27,-0.14,-0.98,2.69,-1.33,-9.63,30.36,-14.13
25229,-152,0.21,-0.25,-0.90,2.06,-2.42,-8.83,32.70,-14.03
25247,-34,0.17,-0.14,-0.90,1.69,-1.38,-8.83,34.88,-14.00
25266,241,0.22,-0.25,-0.82,2.20,-2.40,-8.06,36.95,-14.08
25284,80,0.25,-0.36,-0.78,2.48,-3.55,-7.66,38.68,-14.10
25303,-162,0.19,-0.35,-0.78,1.84,-3.40,-7.66,40.41,-13.92
25321,13,0.14,-0.38,-0.73,1.39,-3.77,-7.19,41.70,-13.78
25339,72,0.20,-0.44,-0.63,1.98,-4.36,-6.16,42.67,-13.78
25358,-47,0.23,-0.48,-0.57,2.29,-4.75,-5.57,43.64,-13.79
25376,-21,0.18,-0.57,-0.54,1.76,-5.57,-5.26,44.26,-13.63
25395,-54,0.06,-0.52,-0.54,0.62,-5.09,-5.29,44.85,-13.45
25413,62,0.15,-0.51,-0.48,1.51,-4.97,-4.66,44.97,-13.46
25432,36,0.18,-0.64,-0.38,1.74,-6.28,-3.73,44.91,-13.43
25450,-53,0.07,-0.59,-0.39,0.73,-5.74,-3.81,44.61,-13.32
25468,131,0.09,-0.62,-0.36,0.84,-6.08,-3.54,44.04,-13.37
25487,27,0.11,-0.66,-0.38,1.08,-6.48,-3.74,43.32,-13.52
25504,-167,0.11,-0.72,-0.30,1.05,-7.08,-2.96,42.06,-13.54
25523,-45,0.09,-0.72,-0.28,0.91,-7.10,-2.77,40.76,-13.59
25541,64,0.03,-0.72,-0.27,0.33,-7.03,-2.67,39.19,-13.60
25560,48,0.09,-0.77,-0.22,0.88,-7.50,-2.17,37.45,-13.77
25578,-2,0.12,-0.79,-0.17,1.19,-7.79,-1.62,35.46,-13.89
25596,-22,0.07,-0.72,-0.25,0.66,-7.02,-2.43,33.48,-13.87
25615,44,0.08,-0.72,-0.25,0.74,-7.08,-2.48,31.18,-13.80
25633,6,0.12,-0.77,-0.18,1.21,-7.58,-1.78,28.64,-13.75
25652,-57,0.13,-0.80,-0.15,1.23,-7.85,-1.46,25.99,-13.54
25670,-21,0.04,-0.73,-0.36,0.42,-7.12,-3.51,23.60,-13.17
25689,23,0.07,-0.72,-0.36,0.72,-7.02,-3.53,20.83,-12.76
25707,-13,0.12,-0.76,-0.32,1.13,-7.45,-3.12,18.03,-12.38
25725,-49,0.10,-0.72,-0.36,1.00,-7.10,-3.50,15.23,-11.88
25744,50,0.02,-0.72,-0.46,0.20,-7.08,-4.47,12.49,-11.21
25762,12,0.03,-0.69,-0.47,0.33,-6.79,-4.60,9.66,-10.55
25780,-10,0.09,-0.72,-0.44,0.85,-7.01,-4.31,6.80,-10.09
25798,72,0.12,-0.69,-0.52,1.21,-6.80,-5.07,4.02,-9.67
25817,-28,0.10,-0.63,-0.59,0.96,-6.16,-5.83,1.13,-9.13
25835,-34,0.06,-0.63,-0.63,0.61,-6.19,-6.13,-1.75,-8.67
25853,15,0.11,-0.63,-0.54,1.07,-6.15,-5.33,-4.75,-8.40
25872,-16,0.15,-0.63,-0.62,1.43,-6.16,-6.08,-7.50,-8.31
25890,17,0.14,-0.50,-0.81,1.35,-4.85,-7.92,-9.98,-8.17
25908,-9,0.11,-0.59,-0.71,1.09,-5.79,-6.97,-12.66,-8.07
25926,-19,0.13,-0.46,-0.76,1.28,-4.54,-7.42,-15.08,-8.29
25945,28,0.22,-0.53,-0.76,2.19,-5.17,-7.47,-17.65,-8.60
25963,0,0.22,-0.41,-0.90,2.12,-4.04,-8.80,-19.82,-8.77
25981,-68,0.16,-0.41,-0.89,1.61,-4.04,-8.75,-22.12,-8.93
26000,-12,0.17,-0.42,-0.83,1.64,-4.16,-8.18,-24.45,-9.38
26018,94,0.26,-0.35,-0.92,2.56,-3.40,-9.05,-26.39,-9.87
26037,18,0.26,-0.31,-1.01,2.57,-3.04,-9.86,-28.33,-10.16
26055,-64,0.15,-0.22,-1.06,1.43,-2.12,-10.41,-30.09,-10.44
26074,2,0.18,-0.30,-0.92,1.79,-2.95,-9.02,-32.07,-10.84
26092,48,0.30,-0.25,-0.97,2.98,-2.48,-9.52,-33.52,-11.33
26110,-13,0.30,-0.20,-1.09,2.97,-2.00,-10.72,-34.83,-11.50
26129,-12,0.17,-0.12,-1.10,1.71,-1.13,-10.74,-36.26,-11.57
26147,21,0.17,-0.12,-1.09,1.68,-1.16,-10.65,-37.62,-11.84
26166,-25,0.39,-0.18,-0.95,3.85,-1.75,-9.27,-39.11,-12.14
26184,-37,0.32,-0.07,-1.04,3.17,-0.68,-10.22,-40.06,-12.20
26203,10,0.11,0.11,-1.23,1.12,1.06,-12.10,-41.16,-12.04
26221,37,0.18,-0.01,-1.09,1.75,-0.09,-10.64,-42.42,-12.12
26240,19,0.30,-0.06,-0.99,2.98,-0.56,-9.69,-43.50,-12.35
26258,-73,0.27,0.07,-1.12,2.67,0.71,-10.97,-44.14,-12.39
26276,-14,0.13,0.10,-1.18,1.23,1.02,-11.52,-44.85,-12.33
26295,93,0.17,0.13,-1.17,1.71,1.23,-11.49,-45.69,-12.42
26313,-37,0.28,0.15,-1.14,2.75,1.51,-11.15,-46.39,-12.71
26332,-19,0.28,0.16,-1.01,2.77,1.52,-9.93,-46.99,-12.98
26350,57,0.27,0.14,-0.99,2.60,1.41,-9.67,-47.12,-13.14
26369,-37,0.11,0.23,-1.22,1.05,2.22,-11.92,-47.23,-13.30
26387,-36,0.13,0.45,-1.25,1.23,4.37,-12.26,-47.65,-13.61
26405,52,0.40,0.20,-0.91,3.95,1.96,-8.96,-48.13,-13.95
26424,-5,0.34,0.24,-0.98,3.32,2.35,-9.61,-48.07,-14.00
26442,-51,0.15,0.42,-1.10,1.45,4.09,-10.75,-47.94,-13.78
26461,11,0.18,0.32,-1.06,1.79,3.16,-10.41,-48.12,-13.65
26479,35,0.23,0.44,-1.08,2.28,4.33,-10.57,-48.26,-13.47
26497,41,0.28,0.34,-0.89,2.74,3.29,-8.71,-48.37,-13.11
26515,-20,0.22,0.45,-1.03,2.15,4.45,-10.08,-48.17,-12.72
26533,-64,0.19,0.50,-1.01,1.85,4.95,-9.93,-48.10,-12.34
26552,10,0.26,0.46,-0.98,2.54,4.47,-9.63,-48.04,-11.98
26570,11,0.29,0.56,-0.98,2.81,5.53,-9.61,-47.84,-11.49
26589,20,0.22,0.51,-0.93,2.12,5.01,-9.11,-47.64,-10.97
26607,46,0.18,0.57,-1.01,1.73,5.56,-9.87,-47.26,-10.63
26625,-43,0.28,0.55,-0.94,2.74,5.43,-9.21,-46.88,-10.37
26643,7,0.26,0.57,-0.94,2.58,5.63,-9.20,-46.39,-10.06
26661,-18,0.16,0.63,-1.00,1.60,6.14,-9.82,-45.89,-9.78
26680,-74,0.16,0.62,-0.97,1.52,6.04,-9.50,-45.41,-9.64
26698,80,0.25,0.60,-0.90,2.47,5.87,-8.79,-44.62,-9.67
26716,9,0.26,0.63,-0.96,2.58,6.19,-9.39,-43.64,-9.70
26734,-52,0.23,0.62,-0.94,2.24,6.04,-9.26,-42.68,-9.67
26753,44,0.20,0.66,-1.01,1.94,6.47,-9.88,-41.78,-9.80
26771,11,0.29,0.61,-0.91,2.87,5.98,-8.91,-40.81,-9.99
26788,-50,0.29,0.62,-0.89,2.83,6.07,-8.72,-39.60,-10.19
26807,6,0.23,0.65,-0.95,2.22,6.35,-9.33,-38.42,-10.31
26825,30,0.23,0.60,-0.89,2.27,5.92,-8.68,-37.22,-10.40
26844,-30,0.27,0.62,-0.88,2.66,6.05,-8.64,-35.94,-10.56
26862,31,0.28,0.64,-0.89,2.78,6.29,-8.76,-34.68,-10.65
26881,31,0.27,0.62,-0.86,2.66,6.09,-8.41,-33.45,-10.67
26898,-48,0.28,0.63,-0.84,2.74,6.13,-8.20,-32.14,-10.68
26916,20,0.26,0.66,-0.82,2.58,6.42,-8.07,-30.81,-10.62
26935,45,0.21,0.65,-0.86,2.09,6.39,-8.46,-29.51,-10.54
26953,-50,0.24,0.67,-0.80,2.36,6.52,-7.85,-28.18,-10.46
26972,-29,0.26,0.66,-0.78,2.57,6.48,-7.61,-26.71,-10.41
26990,-20,0.22,0.68,-0.83,2.20,6.69,-8.17,-25.22,-10.32
27009,11,0.19,0.71,-0.85,1.84,6.94,-8.32,-23.82,-10.25
27026,78,0.25,0.64,-0.79,2.45,6.26,-7.70,-22.47,-10.29
27044,-44,0.27,0.66,-0.78,2.69,6.48,-7.66,-21.04,-10.36
27063,-23,0.21,0.67,-0.82,2.07,6.58,-8.07,-19.71,-10.39
27081,41,0.19,0.66,-0.79,1.81,6.45,-7.76,-18.48,-10.43
27100,-28,0.22,0.67,-0.76,2.17,6.57,-7.42,-17.22,-10.58
27118,-2,0.25,0.66,-0.75,2.43,6.46,-7.35,-15.98,-10.73
27137,31,0.21,0.67,-0.78,2.10,6.58,-7.61,-14.77,-10.83
27154,-6,0.21,0.68,-0.78,2.07,6.62,-7.62,-13.64,-10.91
27172,-6,0.21,0.68,-0.77,2.06,6.62,-7.59,-12.55,-11.04
27191,19,0.21,0.67,-0.79,2.04,6.60,-7.73,-11.55,-11.17
27209,-24,0.22,0.67,-0.75,2.17,6.58,-7.31,-10.59,-11.30
27228,-12,0.23,0.68,-0.76,2.21,6.70,-7.46,-9.64,-11.44
27246,39,0.21,0.70,-0.78,2.05,6.85,-7.60,-8.70,-11.56
27264,-30,0.20,0.69,-0.78,1.99,6.79,-7.68,-7.80,-11.67
27282,-34,0.22,0.68,-0.77,2.15,6.71,-7.52,-6.91,-11.80
27300,38,0.24,0.70,-0.76,2.34,6.82,-7.42,-5.99,-11.93
27319,21,0.21,0.69,-0.79,2.08,6.74,-7.72,-5.06,-12.03
27336,-18,0.20,0.69,-0.80,1.95,6.79,-7.83,-4.17,-12.09
27355,-2,0.23,0.67,-0.78,2.21,6.58,-7.64,-3.35,-12.19
27373,16,0.22,0.67,-0.80,2.17,6.60,-7.80,-2.56,-12.30
27392,-7,0.23,0.67,-0.77,2.27,6.60,-7.53,-1.80,-12.38
27409,-17,0.22,0.67,-0.78,2.19,6.58,-7.68,-1.00,-12.43
27427,8,0.20,0.68,-0.80,1.95,6.71,-7.83,-0.23,-12.45
27446,2,0.20,0.67,-0.79,1.99,6.58,-7.74,0.46,-12.48
27463,-24,0.21,0.68,-0.79,2.08,6.63,-7.72,1.18,-12.52
27482,4,0.21,0.70,-0.79,2.05,6.85,-7.74,1.87,-12.58
27500,0,0.23,0.69,-0.78,2.23,6.74,-7.61,2.55,-12.66
27517,-2,0.21,0.70,-0.77,2.09,6.87,-7.53,3.25,-12.72
27536,10,0.22,0.69,-0.80,2.19,6.78,-7.84,3.93,-12.78
27554,3,0.21,0.71,-0.80,2.09,6.91,-7.81,4.59,-12.85
27572,23,0.20,0.70,-0.82,1.96,6.85,-8.02,5.24,-12.96
27590,-14,0.20,0.72,-0.76,1.94,7.05,-7.46,5.92,-13.01
27609,-11,0.23,0.68,-0.79,2.27,6.62,-7.70,6.65,-13.10
27626,20,0.23,0.72,-0.81,2.26,7.07,-7.92,7.42,-13.12
27644,-21,0.21,0.71,-0.82,2.07,6.99,-8.07,8.15,-13.08
27663,4,0.20,0.69,-0.80,1.99,6.78,-7.80,8.83,-13.01
27680,16,0.23,0.65,-0.77,2.23,6.37,-7.55,9.52,-12.97
27699,-35,0.23,0.68,-0.79,2.27,6.68,-7.79,10.25,-12.87
27717,35,0.18,0.72,-0.84,1.80,7.03,-8.20,10.92,-12.70
27735,52,0.14,0.72,-0.84,1.40,7.05,-8.27,11.54,-12.54
27753,-69,0.15,0.71,-0.77,1.50,6.95,-7.58,12.17,-12.44
27771,-24,0.19,0.68,-0.76,1.88,6.68,-7.43,12.89,-12.43
